; generated by GcodeScope sample generator (PrusaSlicer-style comments)
M82 ; absolute extrusion
G21
G90
M104 S210
M140 S60
G28
G92 E0
G1 Z0.2 F3000
G1 X10 Y10 F6000
G1 X10 Y100 E12 F1200 ; purge line
G92 E0
;LAYER_CHANGE
;Z:0.2
G1 Z0.6 F3000
G0 X128 Y110 F9000
G1 Z0.2 F3000
G1 E0.80000 F2400
G1 X128 Y110 F1800
G1 X127.999 Y112.37 E0.88275
G1 X127.977 Y114.817 E0.96822
G1 X127.87 Y117.402 E1.05858
G1 X127.532 Y120.122 E1.15431
G1 X126.709 Y122.821 E1.25286
G1 X125.136 Y125.136 E1.35060
G1 X122.821 Y126.709 E1.44833
G1 X120.122 Y127.532 E1.54688
G1 X117.402 Y127.87 E1.64261
G1 X114.817 Y127.977 E1.73297
G1 X112.37 Y127.999 E1.81844
G1 X110 Y128 E1.90119
G1 X107.63 Y127.999 E1.98394
G1 X105.183 Y127.977 E2.06942
G1 X102.598 Y127.87 E2.15977
G1 X99.878 Y127.532 E2.25550
G1 X97.179 Y126.709 E2.35405
G1 X94.864 Y125.136 E2.45179
G1 X93.291 Y122.821 E2.54953
G1 X92.468 Y120.122 E2.64808
G1 X92.13 Y117.402 E2.74380
G1 X92.023 Y114.817 E2.83416
G1 X92.001 Y112.37 E2.91963
G1 X92 Y110 E3.00238
G1 X92.001 Y107.63 E3.08514
G1 X92.023 Y105.183 E3.17061
G1 X92.13 Y102.598 E3.26096
G1 X92.468 Y99.878 E3.35669
G1 X93.291 Y97.179 E3.45524
G1 X94.864 Y94.864 E3.55298
G1 X97.179 Y93.291 E3.65072
G1 X99.878 Y92.468 E3.74927
G1 X102.598 Y92.13 E3.84500
G1 X105.183 Y92.023 E3.93535
G1 X107.63 Y92.001 E4.02082
G1 X110 Y92 E4.10358
G1 X112.37 Y92.001 E4.18633
G1 X114.817 Y92.023 E4.27180
G1 X117.402 Y92.13 E4.36216
G1 X120.122 Y92.468 E4.45788
G1 X122.821 Y93.291 E4.55643
G1 X125.136 Y94.864 E4.65417
G1 X126.709 Y97.179 E4.75191
G1 X127.532 Y99.878 E4.85046
G1 X127.87 Y102.598 E4.94619
G1 X127.977 Y105.183 E5.03654
G1 X127.999 Y107.63 E5.12202
G1 X128 Y110 E5.20477
G1 X127.55 Y110 F1800
G1 X127.549 Y112.31 E5.28545
G1 X127.527 Y114.696 E5.36879
G1 X127.423 Y117.217 E5.45688
G1 X127.094 Y119.869 E5.55022
G1 X126.292 Y122.501 E5.64630
G1 X124.758 Y124.758 E5.74160
G1 X122.501 Y126.292 E5.83689
G1 X119.869 Y127.094 E5.93298
G1 X117.217 Y127.423 E6.02631
G1 X114.696 Y127.527 E6.11441
G1 X112.31 Y127.549 E6.19775
G1 X110 Y127.55 E6.27843
G1 X107.69 Y127.549 E6.35911
G1 X105.304 Y127.527 E6.44245
G1 X102.783 Y127.423 E6.53055
G1 X100.131 Y127.094 E6.62388
G1 X97.499 Y126.292 E6.71997
G1 X95.242 Y124.758 E6.81526
G1 X93.708 Y122.501 E6.91056
G1 X92.906 Y119.869 E7.00664
G1 X92.577 Y117.217 E7.09998
G1 X92.473 Y114.696 E7.18807
G1 X92.451 Y112.31 E7.27141
G1 X92.45 Y110 E7.35209
G1 X92.451 Y107.69 E7.43278
G1 X92.473 Y105.304 E7.51611
G1 X92.577 Y102.783 E7.60421
G1 X92.906 Y100.131 E7.69754
G1 X93.708 Y97.499 E7.79363
G1 X95.242 Y95.242 E7.88892
G1 X97.499 Y93.708 E7.98422
G1 X100.131 Y92.906 E8.08030
G1 X102.783 Y92.577 E8.17364
G1 X105.304 Y92.473 E8.26174
G1 X107.69 Y92.451 E8.34507
G1 X110 Y92.45 E8.42575
G1 X112.31 Y92.451 E8.50644
G1 X114.696 Y92.473 E8.58977
G1 X117.217 Y92.577 E8.67787
G1 X119.869 Y92.906 E8.77120
G1 X122.501 Y93.708 E8.86729
G1 X124.758 Y95.242 E8.96259
G1 X126.292 Y97.499 E9.05788
G1 X127.094 Y100.131 E9.15397
G1 X127.423 Y102.783 E9.24730
G1 X127.527 Y105.304 E9.33540
G1 X127.549 Y107.69 E9.41873
G1 X127.55 Y110 E9.49942
G0 X85 Y100 F9000
G1 X105 Y120 E10.48719 F2400
G0 X88 Y120 F9000
G1 X108 Y100 E11.47497 F2400
G0 X91 Y100 F9000
G1 X111 Y120 E12.46274 F2400
G0 X94 Y120 F9000
G1 X114 Y100 E13.45052 F2400
G0 X97 Y100 F9000
G1 X117 Y120 E14.43829 F2400
G0 X100 Y120 F9000
G1 X120 Y100 E15.42607 F2400
G0 X103 Y100 F9000
G1 X123 Y120 E16.41385 F2400
G0 X106 Y120 F9000
G1 X126 Y100 E17.40162 F2400
G0 X109 Y100 F9000
G1 X129 Y120 E18.38940 F2400
G0 X112 Y120 F9000
G1 X132 Y100 E19.37717 F2400
G0 X115 Y100 F9000
G1 X135 Y120 E20.36495 F2400
G1 E19.56495 F2400
;LAYER_CHANGE
;Z:0.4
G1 Z0.8 F3000
G0 X128.157 Y110.241 F9000
G1 Z0.4 F3000
G1 E20.36495 F2400
G1 X128.157 Y110.241 F1800
G1 X128.124 Y112.631 E20.44843
G1 X128.07 Y115.099 E20.53466
G1 X127.927 Y117.706 E20.62581
G1 X127.55 Y120.445 E20.72239
G1 X126.684 Y123.157 E20.82181
G1 X125.066 Y125.471 E20.92041
G1 X122.71 Y127.027 E21.01901
G1 X119.976 Y127.821 E21.11843
G1 X117.228 Y128.125 E21.21500
G1 X114.619 Y128.199 E21.30616
G1 X112.15 Y128.188 E21.39238
G1 X109.759 Y128.157 E21.47587
G1 X107.369 Y128.124 E21.55935
G1 X104.901 Y128.07 E21.64558
G1 X102.294 Y127.927 E21.73673
G1 X99.555 Y127.55 E21.83331
G1 X96.843 Y126.684 E21.93273
G1 X94.529 Y125.066 E22.03133
G1 X92.973 Y122.71 E22.12993
G1 X92.179 Y119.976 E22.22935
G1 X91.875 Y117.228 E22.32592
G1 X91.801 Y114.619 E22.41708
G1 X91.812 Y112.15 E22.50331
G1 X91.843 Y109.759 E22.58679
G1 X91.876 Y107.369 E22.67027
G1 X91.93 Y104.901 E22.75650
G1 X92.073 Y102.294 E22.84765
G1 X92.45 Y99.555 E22.94423
G1 X93.316 Y96.843 E23.04365
G1 X94.934 Y94.529 E23.14225
G1 X97.29 Y92.973 E23.24085
G1 X100.024 Y92.179 E23.34027
G1 X102.772 Y91.875 E23.43685
G1 X105.381 Y91.801 E23.52800
G1 X107.85 Y91.812 E23.61423
G1 X110.241 Y91.843 E23.69771
G1 X112.631 Y91.876 E23.78119
G1 X115.099 Y91.93 E23.86742
G1 X117.706 Y92.073 E23.95858
G1 X120.445 Y92.45 E24.05515
G1 X123.157 Y93.316 E24.15457
G1 X125.471 Y94.934 E24.25317
G1 X127.027 Y97.29 E24.35177
G1 X127.821 Y100.024 E24.45119
G1 X128.125 Y102.772 E24.54777
G1 X128.199 Y105.381 E24.63892
G1 X128.188 Y107.85 E24.72515
G1 X128.157 Y110.241 E24.80863
G1 X127.707 Y110.235 F1800
G1 X127.675 Y112.566 E24.89005
G1 X127.622 Y114.973 E24.97414
G1 X127.483 Y117.515 E25.06303
G1 X127.115 Y120.186 E25.15721
G1 X126.27 Y122.831 E25.25417
G1 X124.693 Y125.088 E25.35033
G1 X122.395 Y126.605 E25.44648
G1 X119.729 Y127.379 E25.54344
G1 X117.049 Y127.676 E25.63762
G1 X114.504 Y127.748 E25.72652
G1 X112.096 Y127.737 E25.81061
G1 X109.765 Y127.707 E25.89202
G1 X107.434 Y127.675 E25.97344
G1 X105.027 Y127.622 E26.05753
G1 X102.485 Y127.483 E26.14642
G1 X99.814 Y127.115 E26.24060
G1 X97.169 Y126.27 E26.33756
G1 X94.912 Y124.693 E26.43372
G1 X93.395 Y122.395 E26.52987
G1 X92.621 Y119.729 E26.62683
G1 X92.324 Y117.049 E26.72101
G1 X92.252 Y114.504 E26.80991
G1 X92.263 Y112.096 E26.89400
G1 X92.293 Y109.765 E26.97541
G1 X92.325 Y107.434 E27.05683
G1 X92.378 Y105.027 E27.14092
G1 X92.517 Y102.485 E27.22981
G1 X92.885 Y99.814 E27.32399
G1 X93.73 Y97.169 E27.42095
G1 X95.307 Y94.912 E27.51711
G1 X97.605 Y93.395 E27.61327
G1 X100.271 Y92.621 E27.71022
G1 X102.951 Y92.324 E27.80440
G1 X105.496 Y92.252 E27.89330
G1 X107.904 Y92.263 E27.97739
G1 X110.235 Y92.293 E28.05880
G1 X112.566 Y92.325 E28.14022
G1 X114.973 Y92.378 E28.22431
G1 X117.515 Y92.517 E28.31320
G1 X120.186 Y92.885 E28.40738
G1 X122.831 Y93.73 E28.50434
G1 X125.088 Y95.307 E28.60050
G1 X126.605 Y97.605 E28.69666
G1 X127.379 Y100.271 E28.79361
G1 X127.676 Y102.951 E28.88779
G1 X127.748 Y105.496 E28.97669
G1 X127.737 Y107.904 E29.06078
G1 X127.707 Y110.235 E29.14219
G0 X100 Y85 F9000
G1 X120 Y105 E30.12997 F2400
G0 X120 Y88 F9000
G1 X100 Y108 E31.11775 F2400
G0 X100 Y91 F9000
G1 X120 Y111 E32.10552 F2400
G0 X120 Y94 F9000
G1 X100 Y114 E33.09330 F2400
G0 X100 Y97 F9000
G1 X120 Y117 E34.08107 F2400
G0 X120 Y100 F9000
G1 X100 Y120 E35.06885 F2400
G0 X100 Y103 F9000
G1 X120 Y123 E36.05662 F2400
G0 X120 Y106 F9000
G1 X100 Y126 E37.04440 F2400
G0 X100 Y109 F9000
G1 X120 Y129 E38.03218 F2400
G0 X120 Y112 F9000
G1 X100 Y132 E39.01995 F2400
G0 X100 Y115 F9000
G1 X120 Y135 E40.00773 F2400
G1 E39.20773 F2400
;LAYER_CHANGE
;Z:0.6
G1 Z1 F3000
G0 X128.311 Y110.486 F9000
G1 Z0.6 F3000
G1 E40.00773 F2400
G1 X128.311 Y110.486 F1800
G1 X128.246 Y112.896 E40.09194
G1 X128.158 Y115.385 E40.17892
G1 X127.979 Y118.012 E40.27087
G1 X127.562 Y120.77 E40.36829
G1 X126.652 Y123.494 E40.46858
G1 X124.99 Y125.806 E40.56804
G1 X122.592 Y127.344 E40.66751
G1 X119.824 Y128.108 E40.76780
G1 X117.048 Y128.379 E40.86521
G1 X114.415 Y128.418 E40.95717
G1 X111.925 Y128.374 E41.04415
G1 X109.514 Y128.311 E41.12836
G1 X107.104 Y128.246 E41.21257
G1 X104.615 Y128.158 E41.29955
G1 X101.988 Y127.979 E41.39151
G1 X99.23 Y127.562 E41.48892
G1 X96.506 Y126.652 E41.58921
G1 X94.194 Y124.99 E41.68868
G1 X92.656 Y122.592 E41.78814
G1 X91.892 Y119.824 E41.88843
G1 X91.621 Y117.048 E41.98585
G1 X91.582 Y114.415 E42.07780
G1 X91.626 Y111.925 E42.16478
G1 X91.689 Y109.514 E42.24899
G1 X91.754 Y107.104 E42.33321
G1 X91.842 Y104.615 E42.42019
G1 X92.021 Y101.988 E42.51214
G1 X92.438 Y99.23 E42.60956
G1 X93.348 Y96.506 E42.70985
G1 X95.01 Y94.194 E42.80931
G1 X97.408 Y92.656 E42.90877
G1 X100.176 Y91.892 E43.00907
G1 X102.952 Y91.621 E43.10648
G1 X105.585 Y91.582 E43.19843
G1 X108.075 Y91.626 E43.28542
G1 X110.486 Y91.689 E43.36963
G1 X112.896 Y91.754 E43.45384
G1 X115.385 Y91.842 E43.54082
G1 X118.012 Y92.021 E43.63277
G1 X120.77 Y92.438 E43.73019
G1 X123.494 Y93.348 E43.83048
G1 X125.806 Y95.01 E43.92995
G1 X127.344 Y97.408 E44.02941
G1 X128.108 Y100.176 E44.12970
G1 X128.379 Y102.952 E44.22712
G1 X128.418 Y105.585 E44.31907
G1 X128.374 Y108.075 E44.40605
G1 X128.311 Y110.486 E44.49026
G1 X127.862 Y110.474 F1800
G1 X127.798 Y112.825 E44.57241
G1 X127.712 Y115.253 E44.65725
G1 X127.538 Y117.815 E44.74694
G1 X127.131 Y120.506 E44.84197
G1 X126.243 Y123.162 E44.93980
G1 X124.621 Y125.418 E45.03682
G1 X122.283 Y126.918 E45.13383
G1 X119.583 Y127.664 E45.23166
G1 X116.875 Y127.927 E45.32669
G1 X114.307 Y127.965 E45.41638
G1 X111.878 Y127.923 E45.50122
G1 X109.526 Y127.862 E45.58337
G1 X107.175 Y127.798 E45.66551
G1 X104.747 Y127.712 E45.75036
G1 X102.185 Y127.538 E45.84005
G1 X99.494 Y127.131 E45.93507
G1 X96.838 Y126.243 E46.03290
G1 X94.582 Y124.621 E46.12992
G1 X93.082 Y122.283 E46.22694
G1 X92.336 Y119.583 E46.32477
G1 X92.073 Y116.875 E46.41979
G1 X92.035 Y114.307 E46.50948
G1 X92.077 Y111.878 E46.59433
G1 X92.138 Y109.526 E46.67647
G1 X92.202 Y107.175 E46.75862
G1 X92.288 Y104.747 E46.84346
G1 X92.462 Y102.185 E46.93315
G1 X92.869 Y99.494 E47.02818
G1 X93.757 Y96.838 E47.12600
G1 X95.379 Y94.582 E47.22302
G1 X97.717 Y93.082 E47.32004
G1 X100.417 Y92.336 E47.41787
G1 X103.125 Y92.073 E47.51289
G1 X105.693 Y92.035 E47.60259
G1 X108.122 Y92.077 E47.68743
G1 X110.474 Y92.138 E47.76958
G1 X112.825 Y92.202 E47.85172
G1 X115.253 Y92.288 E47.93656
G1 X117.815 Y92.462 E48.02626
G1 X120.506 Y92.869 E48.12128
G1 X123.162 Y93.757 E48.21911
G1 X125.418 Y95.379 E48.31613
G1 X126.918 Y97.717 E48.41315
G1 X127.664 Y100.417 E48.51097
G1 X127.927 Y103.125 E48.60600
G1 X127.965 Y105.693 E48.69569
G1 X127.923 Y108.122 E48.78054
G1 X127.862 Y110.474 E48.86268
G0 X85 Y100 F9000
G1 X105 Y120 E49.85046 F2400
G0 X88 Y120 F9000
G1 X108 Y100 E50.83823 F2400
G0 X91 Y100 F9000
G1 X111 Y120 E51.82601 F2400
G0 X94 Y120 F9000
G1 X114 Y100 E52.81378 F2400
G0 X97 Y100 F9000
G1 X117 Y120 E53.80156 F2400
G0 X100 Y120 F9000
G1 X120 Y100 E54.78933 F2400
G0 X103 Y100 F9000
G1 X123 Y120 E55.77711 F2400
G0 X106 Y120 F9000
G1 X126 Y100 E56.76489 F2400
G0 X109 Y100 F9000
G1 X129 Y120 E57.75266 F2400
G0 X112 Y120 F9000
G1 X132 Y100 E58.74044 F2400
G0 X115 Y100 F9000
G1 X135 Y120 E59.72821 F2400
G1 E58.92821 F2400
;LAYER_CHANGE
;Z:0.8
G1 Z1.2 F3000
G0 X128.461 Y110.735 F9000
G1 Z0.8 F3000
G1 E59.72821 F2400
G1 X128.461 Y110.735 F1800
G1 X128.363 Y113.165 E59.81315
G1 X128.241 Y115.674 E59.90089
G1 X128.026 Y118.321 E59.99363
G1 X127.568 Y121.097 E60.09189
G1 X126.614 Y123.832 E60.19305
G1 X124.907 Y126.142 E60.29337
G1 X122.468 Y127.661 E60.39369
G1 X119.666 Y128.395 E60.49485
G1 X116.862 Y128.63 E60.59311
G1 X114.207 Y128.634 E60.68586
G1 X111.696 Y128.557 E60.77359
G1 X109.265 Y128.461 E60.85853
G1 X106.835 Y128.363 E60.94347
G1 X104.326 Y128.241 E61.03120
G1 X101.679 Y128.026 E61.12395
G1 X98.903 Y127.568 E61.22221
G1 X96.168 Y126.614 E61.32336
G1 X93.858 Y124.907 E61.42369
G1 X92.339 Y122.468 E61.52401
G1 X91.605 Y119.666 E61.62517
G1 X91.37 Y116.862 E61.72343
G1 X91.366 Y114.207 E61.81617
G1 X91.443 Y111.696 E61.90390
G1 X91.539 Y109.265 E61.98885
G1 X91.637 Y106.835 E62.07379
G1 X91.759 Y104.326 E62.16152
G1 X91.974 Y101.679 E62.25427
G1 X92.432 Y98.903 E62.35252
G1 X93.386 Y96.168 E62.45368
G1 X95.093 Y93.858 E62.55400
G1 X97.532 Y92.339 E62.65433
G1 X100.334 Y91.605 E62.75548
G1 X103.138 Y91.37 E62.85374
G1 X105.793 Y91.366 E62.94649
G1 X108.304 Y91.443 E63.03422
G1 X110.735 Y91.539 E63.11916
G1 X113.165 Y91.637 E63.20410
G1 X115.674 Y91.759 E63.29184
G1 X118.321 Y91.974 E63.38458
G1 X121.097 Y92.432 E63.48284
G1 X123.832 Y93.386 E63.58400
G1 X126.142 Y95.093 E63.68432
G1 X127.661 Y97.532 E63.78464
G1 X128.395 Y100.334 E63.88580
G1 X128.63 Y103.138 E63.98406
G1 X128.634 Y105.793 E64.07681
G1 X128.557 Y108.304 E64.16454
G1 X128.461 Y110.735 E64.24948
G1 X128.012 Y110.717 F1800
G1 X127.916 Y113.088 E64.33235
G1 X127.797 Y115.536 E64.41795
G1 X127.587 Y118.118 E64.50843
G1 X127.141 Y120.827 E64.60430
G1 X126.21 Y123.495 E64.70299
G1 X124.543 Y125.749 E64.80087
G1 X122.165 Y127.231 E64.89875
G1 X119.431 Y127.947 E64.99745
G1 X116.695 Y128.176 E65.09331
G1 X114.104 Y128.18 E65.18380
G1 X111.655 Y128.105 E65.26939
G1 X109.283 Y128.012 E65.35227
G1 X106.912 Y127.916 E65.43514
G1 X104.464 Y127.797 E65.52073
G1 X101.882 Y127.587 E65.61122
G1 X99.173 Y127.141 E65.70709
G1 X96.505 Y126.21 E65.80578
G1 X94.251 Y124.543 E65.90366
G1 X92.769 Y122.165 E66.00154
G1 X92.053 Y119.431 E66.10023
G1 X91.824 Y116.695 E66.19610
G1 X91.82 Y114.104 E66.28659
G1 X91.895 Y111.655 E66.37218
G1 X91.988 Y109.283 E66.45505
G1 X92.084 Y106.912 E66.53793
G1 X92.203 Y104.464 E66.62352
G1 X92.413 Y101.882 E66.71401
G1 X92.859 Y99.173 E66.80987
G1 X93.79 Y96.505 E66.90857
G1 X95.457 Y94.251 E67.00645
G1 X97.835 Y92.769 E67.10433
G1 X100.569 Y92.053 E67.20302
G1 X103.305 Y91.824 E67.29889
G1 X105.896 Y91.82 E67.38937
G1 X108.345 Y91.895 E67.47497
G1 X110.717 Y91.988 E67.55784
G1 X113.088 Y92.084 E67.64071
G1 X115.536 Y92.203 E67.72631
G1 X118.118 Y92.413 E67.81680
G1 X120.827 Y92.859 E67.91266
G1 X123.495 Y93.79 E68.01135
G1 X125.749 Y95.457 E68.10923
G1 X127.231 Y97.835 E68.20711
G1 X127.947 Y100.569 E68.30581
G1 X128.176 Y103.305 E68.40167
G1 X128.18 Y105.896 E68.49216
G1 X128.105 Y108.345 E68.57775
G1 X128.012 Y110.717 E68.66063
G1 E67.86063 F2400
;LAYER_CHANGE
;Z:1
G1 Z1.4 F3000
G0 X128.607 Y110.988 F9000
G1 Z1 F3000
G1 E68.66063 F2400
G1 X128.607 Y110.988 F1800
G1 X128.476 Y113.437 E68.74629
G1 X128.319 Y115.966 E68.83477
G1 X128.067 Y118.632 E68.92831
G1 X127.568 Y121.426 E69.02741
G1 X126.57 Y124.171 E69.12943
G1 X124.816 Y126.477 E69.23060
G1 X122.337 Y127.977 E69.33178
G1 X119.502 Y128.679 E69.43380
G1 X116.671 Y128.879 E69.53290
G1 X113.993 Y128.848 E69.62643
G1 X111.462 Y128.736 E69.71492
G1 X109.012 Y128.607 E69.80058
G1 X106.563 Y128.476 E69.88625
G1 X104.034 Y128.319 E69.97473
G1 X101.368 Y128.067 E70.06826
G1 X98.574 Y127.568 E70.16736
G1 X95.829 Y126.57 E70.26938
G1 X93.523 Y124.816 E70.37056
G1 X92.023 Y122.337 E70.47174
G1 X91.321 Y119.502 E70.57375
G1 X91.121 Y116.671 E70.67285
G1 X91.152 Y113.993 E70.76639
G1 X91.264 Y111.462 E70.85487
G1 X91.393 Y109.012 E70.94053
G1 X91.524 Y106.563 E71.02620
G1 X91.681 Y104.034 E71.11468
G1 X91.933 Y101.368 E71.20822
G1 X92.432 Y98.574 E71.30731
G1 X93.43 Y95.829 E71.40933
G1 X95.184 Y93.523 E71.51051
G1 X97.663 Y92.023 E71.61169
G1 X100.498 Y91.321 E71.71371
G1 X103.329 Y91.121 E71.81281
G1 X106.007 Y91.152 E71.90634
G1 X108.538 Y91.264 E71.99482
G1 X110.988 Y91.393 E72.08049
G1 X113.437 Y91.524 E72.16615
G1 X115.966 Y91.681 E72.25463
G1 X118.632 Y91.933 E72.34817
G1 X121.426 Y92.432 E72.44727
G1 X124.171 Y93.43 E72.54929
G1 X126.477 Y95.184 E72.65046
G1 X127.977 Y97.663 E72.75164
G1 X128.679 Y100.498 E72.85366
G1 X128.879 Y103.329 E72.95276
G1 X128.848 Y106.007 E73.04630
G1 X128.736 Y108.538 E73.13478
G1 X128.607 Y110.988 E73.22044
G1 X128.158 Y110.964 F1800
G1 X128.03 Y113.354 E73.30404
G1 X127.877 Y115.822 E73.39038
G1 X127.631 Y118.424 E73.48166
G1 X127.144 Y121.15 E73.57836
G1 X126.17 Y123.829 E73.67792
G1 X124.459 Y126.079 E73.77665
G1 X122.039 Y127.542 E73.87539
G1 X119.272 Y128.228 E73.97494
G1 X116.51 Y128.423 E74.07165
G1 X113.897 Y128.393 E74.16292
G1 X111.427 Y128.284 E74.24927
G1 X109.036 Y128.158 E74.33286
G1 X106.646 Y128.03 E74.41646
G1 X104.178 Y127.877 E74.50280
G1 X101.576 Y127.631 E74.59408
G1 X98.85 Y127.144 E74.69079
G1 X96.171 Y126.17 E74.79034
G1 X93.921 Y124.459 E74.88908
G1 X92.458 Y122.039 E74.98781
G1 X91.772 Y119.272 E75.08737
G1 X91.577 Y116.51 E75.18407
G1 X91.607 Y113.897 E75.27535
G1 X91.716 Y111.427 E75.36169
G1 X91.842 Y109.036 E75.44529
G1 X91.97 Y106.646 E75.52888
G1 X92.123 Y104.178 E75.61523
G1 X92.369 Y101.576 E75.70651
G1 X92.856 Y98.85 E75.80321
G1 X93.83 Y96.171 E75.90277
G1 X95.541 Y93.921 E76.00150
G1 X97.961 Y92.458 E76.10023
G1 X100.728 Y91.772 E76.19979
G1 X103.49 Y91.577 E76.29649
G1 X106.103 Y91.607 E76.38777
G1 X108.573 Y91.716 E76.47411
G1 X110.964 Y91.842 E76.55771
G1 X113.354 Y91.97 E76.64131
G1 X115.822 Y92.123 E76.72765
G1 X118.424 Y92.369 E76.81893
G1 X121.15 Y92.856 E76.91563
G1 X123.829 Y93.83 E77.01519
G1 X126.079 Y95.541 E77.11392
G1 X127.542 Y97.961 E77.21266
G1 X128.228 Y100.728 E77.31221
G1 X128.423 Y103.49 E77.40892
G1 X128.393 Y106.103 E77.50020
G1 X128.284 Y108.573 E77.58654
G1 X128.158 Y110.964 E77.67014
G1 E76.87014 F2400
;LAYER_CHANGE
;Z:1.2
G1 Z1.6 F3000
G0 X128.749 Y111.244 F9000
G1 Z1.2 F3000
G1 E77.67014 F2400
G1 X128.749 Y111.244 F1800
G1 X128.584 Y113.713 E77.75652
G1 X128.392 Y116.26 E77.84574
G1 X128.102 Y118.945 E77.94007
G1 X127.562 Y121.755 E78.04000
G1 X126.518 Y124.51 E78.14287
G1 X124.719 Y126.812 E78.24490
G1 X122.2 Y128.291 E78.34693
G1 X119.331 Y128.961 E78.44980
G1 X116.474 Y129.125 E78.54973
G1 X113.774 Y129.058 E78.64406
G1 X111.224 Y128.911 E78.73328
G1 X108.756 Y128.749 E78.81966
G1 X106.287 Y128.584 E78.90605
G1 X103.74 Y128.392 E78.99527
G1 X101.055 Y128.102 E79.08959
G1 X98.245 Y127.562 E79.18952
G1 X95.49 Y126.518 E79.29240
G1 X93.188 Y124.719 E79.39443
G1 X91.709 Y122.2 E79.49646
G1 X91.039 Y119.331 E79.59933
G1 X90.875 Y116.474 E79.69926
G1 X90.942 Y113.774 E79.79358
G1 X91.089 Y111.224 E79.88281
G1 X91.251 Y108.756 E79.96919
G1 X91.416 Y106.287 E80.05558
G1 X91.608 Y103.74 E80.14480
G1 X91.898 Y101.055 E80.23912
G1 X92.438 Y98.245 E80.33905
G1 X93.482 Y95.49 E80.44193
G1 X95.281 Y93.188 E80.54396
G1 X97.8 Y91.709 E80.64598
G1 X100.669 Y91.039 E80.74886
G1 X103.526 Y90.875 E80.84879
G1 X106.226 Y90.942 E80.94311
G1 X108.776 Y91.089 E81.03234
G1 X111.244 Y91.251 E81.11872
G1 X113.713 Y91.416 E81.20511
G1 X116.26 Y91.608 E81.29433
G1 X118.945 Y91.898 E81.38865
G1 X121.755 Y92.438 E81.48858
G1 X124.51 Y93.482 E81.59146
G1 X126.812 Y95.281 E81.69349
G1 X128.291 Y97.8 E81.79551
G1 X128.961 Y100.669 E81.89839
G1 X129.125 Y103.526 E81.99832
G1 X129.058 Y106.226 E82.09264
G1 X128.911 Y108.776 E82.18187
G1 X128.749 Y111.244 E82.26825
G1 X128.3 Y111.215 F1800
G1 X128.139 Y113.624 E82.35257
G1 X127.951 Y116.11 E82.43965
G1 X127.668 Y118.731 E82.53172
G1 X127.141 Y121.474 E82.62925
G1 X126.122 Y124.163 E82.72967
G1 X124.367 Y126.41 E82.82925
G1 X121.907 Y127.853 E82.92883
G1 X119.108 Y128.507 E83.02925
G1 X116.319 Y128.667 E83.12678
G1 X113.684 Y128.601 E83.21885
G1 X111.194 Y128.458 E83.30593
G1 X108.785 Y128.3 E83.39025
G1 X106.376 Y128.139 E83.47457
G1 X103.89 Y127.951 E83.56165
G1 X101.269 Y127.668 E83.65372
G1 X98.526 Y127.141 E83.75125
G1 X95.837 Y126.122 E83.85166
G1 X93.59 Y124.367 E83.95125
G1 X92.147 Y121.907 E84.05083
G1 X91.493 Y119.108 E84.15125
G1 X91.333 Y116.319 E84.24878
G1 X91.399 Y113.684 E84.34085
G1 X91.542 Y111.194 E84.42793
G1 X91.7 Y108.785 E84.51225
G1 X91.861 Y106.376 E84.59656
G1 X92.049 Y103.89 E84.68365
G1 X92.332 Y101.269 E84.77571
G1 X92.859 Y98.526 E84.87325
G1 X93.878 Y95.837 E84.97366
G1 X95.633 Y93.59 E85.07325
G1 X98.093 Y92.147 E85.17283
G1 X100.892 Y91.493 E85.27324
G1 X103.681 Y91.333 E85.37078
G1 X106.316 Y91.399 E85.46284
G1 X108.806 Y91.542 E85.54993
G1 X111.215 Y91.7 E85.63425
G1 X113.624 Y91.861 E85.71856
G1 X116.11 Y92.049 E85.80565
G1 X118.731 Y92.332 E85.89771
G1 X121.474 Y92.859 E85.99525
G1 X124.163 Y93.878 E86.09566
G1 X126.41 Y95.633 E86.19525
G1 X127.853 Y98.093 E86.29483
G1 X128.507 Y100.892 E86.39524
G1 X128.667 Y103.681 E86.49278
G1 X128.601 Y106.316 E86.58484
G1 X128.458 Y108.806 E86.67193
G1 X128.3 Y111.215 E86.75625
G1 E85.95625 F2400
;LAYER_CHANGE
;Z:1.4
G1 Z1.8 F3000
G0 X128.885 Y111.505 F9000
G1 Z1.4 F3000
G1 E86.75625 F2400
G1 X128.885 Y111.505 F1800
G1 X128.686 Y113.991 E86.84334
G1 X128.458 Y116.557 E86.93331
G1 X128.13 Y119.26 E87.02841
G1 X127.548 Y122.086 E87.12916
G1 X126.459 Y124.849 E87.23289
G1 X124.615 Y127.146 E87.33576
G1 X122.055 Y128.603 E87.43863
G1 X119.154 Y129.241 E87.54236
G1 X116.272 Y129.368 E87.64311
G1 X113.551 Y129.264 E87.73821
G1 X110.981 Y129.082 E87.82817
G1 X108.495 Y128.885 E87.91527
G1 X106.009 Y128.686 E88.00237
G1 X103.443 Y128.458 E88.09233
G1 X100.74 Y128.13 E88.18743
G1 X97.914 Y127.548 E88.28819
G1 X95.151 Y126.459 E88.39192
G1 X92.854 Y124.615 E88.49479
G1 X91.397 Y122.055 E88.59766
G1 X90.759 Y119.154 E88.70139
G1 X90.632 Y116.272 E88.80214
G1 X90.736 Y113.551 E88.89724
G1 X90.918 Y110.981 E88.98720
G1 X91.115 Y108.495 E89.07430
G1 X91.314 Y106.009 E89.16140
G1 X91.542 Y103.443 E89.25136
G1 X91.87 Y100.74 E89.34646
G1 X92.452 Y97.914 E89.44722
G1 X93.541 Y95.151 E89.55094
G1 X95.385 Y92.854 E89.65382
G1 X97.945 Y91.397 E89.75669
G1 X100.846 Y90.759 E89.86041
G1 X103.728 Y90.632 E89.96117
G1 X106.449 Y90.736 E90.05627
G1 X109.019 Y90.918 E90.14623
G1 X111.505 Y91.115 E90.23333
G1 X113.991 Y91.314 E90.32043
G1 X116.557 Y91.542 E90.41039
G1 X119.26 Y91.87 E90.50549
G1 X122.086 Y92.452 E90.60625
G1 X124.849 Y93.541 E90.70997
G1 X127.146 Y95.385 E90.81284
G1 X128.603 Y97.945 E90.91571
G1 X129.241 Y100.846 E91.01944
G1 X129.368 Y103.728 E91.12020
G1 X129.264 Y106.449 E91.21530
G1 X129.082 Y109.019 E91.30526
G1 X128.885 Y111.505 E91.39236
G1 X128.437 Y111.469 F1800
G1 X128.242 Y113.896 E91.47739
G1 X128.02 Y116.401 E91.56521
G1 X127.699 Y119.04 E91.65805
G1 X127.131 Y121.799 E91.75641
G1 X126.068 Y124.497 E91.85768
G1 X124.268 Y126.739 E91.95811
G1 X121.769 Y128.162 E92.05853
G1 X118.937 Y128.784 E92.15980
G1 X116.123 Y128.908 E92.25816
G1 X113.466 Y128.806 E92.35100
G1 X110.958 Y128.629 E92.43882
G1 X108.531 Y128.437 E92.52385
G1 X106.104 Y128.242 E92.60888
G1 X103.599 Y128.02 E92.69671
G1 X100.96 Y127.699 E92.78955
G1 X98.201 Y127.131 E92.88791
G1 X95.503 Y126.068 E92.98918
G1 X93.261 Y124.268 E93.08960
G1 X91.838 Y121.769 E93.19003
G1 X91.216 Y118.937 E93.29129
G1 X91.092 Y116.123 E93.38966
G1 X91.194 Y113.466 E93.48250
G1 X91.371 Y110.958 E93.57032
G1 X91.563 Y108.531 E93.65535
G1 X91.758 Y106.104 E93.74038
G1 X91.98 Y103.599 E93.82821
G1 X92.301 Y100.96 E93.92105
G1 X92.869 Y98.201 E94.01941
G1 X93.932 Y95.503 E94.12067
G1 X95.732 Y93.261 E94.22110
G1 X98.231 Y91.838 E94.32153
G1 X101.063 Y91.216 E94.42279
G1 X103.877 Y91.092 E94.52115
G1 X106.534 Y91.194 E94.61400
G1 X109.042 Y91.371 E94.70182
G1 X111.469 Y91.563 E94.78685
G1 X113.896 Y91.758 E94.87188
G1 X116.401 Y91.98 E94.95970
G1 X119.04 Y92.301 E95.05255
G1 X121.799 Y92.869 E95.15091
G1 X124.497 Y93.932 E95.25217
G1 X126.739 Y95.732 E95.35260
G1 X128.162 Y98.231 E95.45303
G1 X128.784 Y101.063 E95.55429
G1 X128.908 Y103.877 E95.65265
G1 X128.806 Y106.534 E95.74549
G1 X128.629 Y109.042 E95.83332
G1 X128.437 Y111.469 E95.91835
G1 E95.11835 F2400
;LAYER_CHANGE
;Z:1.6
G1 Z2 F3000
G0 X129.017 Y111.77 F9000
G1 Z1.6 F3000
G1 E95.91835 F2400
G1 X129.017 Y111.77 F1800
G1 X128.783 Y114.273 E96.00615
G1 X128.519 Y116.856 E96.09684
G1 X128.152 Y119.577 E96.19272
G1 X127.527 Y122.418 E96.29429
G1 X126.393 Y125.189 E96.39886
G1 X124.503 Y127.479 E96.50257
G1 X121.903 Y128.914 E96.60627
G1 X118.97 Y129.518 E96.71084
G1 X116.063 Y129.607 E96.81241
G1 X113.322 Y129.466 E96.90829
G1 X110.734 Y129.249 E96.99898
G1 X108.23 Y129.017 E97.08678
G1 X105.727 Y128.783 E97.17459
G1 X103.144 Y128.519 E97.26528
G1 X100.423 Y128.152 E97.36115
G1 X97.582 Y127.527 E97.46273
G1 X94.811 Y126.393 E97.56729
G1 X92.521 Y124.503 E97.67100
G1 X91.086 Y121.903 E97.77471
G1 X90.482 Y118.97 E97.87927
G1 X90.393 Y116.063 E97.98085
G1 X90.534 Y113.322 E98.07672
G1 X90.751 Y110.734 E98.16741
G1 X90.983 Y108.23 E98.25522
G1 X91.217 Y105.727 E98.34302
G1 X91.481 Y103.144 E98.43371
G1 X91.848 Y100.423 E98.52959
G1 X92.473 Y97.582 E98.63116
G1 X93.607 Y94.811 E98.73573
G1 X95.497 Y92.521 E98.83944
G1 X98.097 Y91.086 E98.94314
G1 X101.03 Y90.482 E99.04771
G1 X103.937 Y90.393 E99.14928
G1 X106.678 Y90.534 E99.24516
G1 X109.266 Y90.751 E99.33585
G1 X111.77 Y90.983 E99.42365
G1 X114.273 Y91.217 E99.51146
G1 X116.856 Y91.481 E99.60215
G1 X119.577 Y91.848 E99.69802
G1 X122.418 Y92.473 E99.79960
G1 X125.189 Y93.607 E99.90416
G1 X127.479 Y95.497 E100.00787
G1 X128.914 Y98.097 E100.11158
G1 X129.518 Y101.03 E100.21614
G1 X129.607 Y103.937 E100.31772
G1 X129.466 Y106.678 E100.41359
G1 X129.249 Y109.266 E100.50428
G1 X129.017 Y111.77 E100.59209
G1 X128.569 Y111.728 F1800
G1 X128.34 Y114.172 E100.67783
G1 X128.083 Y116.695 E100.76638
G1 X127.724 Y119.351 E100.85999
G1 X127.114 Y122.125 E100.95917
G1 X126.007 Y124.831 E101.06128
G1 X124.162 Y127.068 E101.16254
G1 X121.623 Y128.468 E101.26380
G1 X118.759 Y129.058 E101.36591
G1 X115.92 Y129.145 E101.46509
G1 X113.243 Y129.007 E101.55870
G1 X110.717 Y128.795 E101.64726
G1 X108.272 Y128.569 E101.73299
G1 X105.828 Y128.34 E101.81873
G1 X103.305 Y128.083 E101.90728
G1 X100.649 Y127.724 E102.00090
G1 X97.875 Y127.114 E102.10008
G1 X95.169 Y126.007 E102.20218
G1 X92.932 Y124.162 E102.30345
G1 X91.532 Y121.623 E102.40471
G1 X90.942 Y118.759 E102.50681
G1 X90.855 Y115.92 E102.60599
G1 X90.993 Y113.243 E102.69961
G1 X91.205 Y110.717 E102.78816
G1 X91.431 Y108.272 E102.87390
G1 X91.66 Y105.828 E102.95964
G1 X91.917 Y103.305 E103.04819
G1 X92.276 Y100.649 E103.14180
G1 X92.886 Y97.875 E103.24098
G1 X93.993 Y95.169 E103.34309
G1 X95.838 Y92.932 E103.44435
G1 X98.377 Y91.532 E103.54561
G1 X101.241 Y90.942 E103.64772
G1 X104.08 Y90.855 E103.74690
G1 X106.757 Y90.993 E103.84051
G1 X109.283 Y91.205 E103.92907
G1 X111.728 Y91.431 E104.01480
G1 X114.172 Y91.66 E104.10054
G1 X116.695 Y91.917 E104.18909
G1 X119.351 Y92.276 E104.28271
G1 X122.125 Y92.886 E104.38189
G1 X124.831 Y93.993 E104.48399
G1 X127.068 Y95.838 E104.58526
G1 X128.468 Y98.377 E104.68652
G1 X129.058 Y101.241 E104.78862
G1 X129.145 Y104.08 E104.88780
G1 X129.007 Y106.757 E104.98142
G1 X128.795 Y109.283 E105.06997
G1 X128.569 Y111.728 E105.15571
G1 E104.35571 F2400
;LAYER_CHANGE
;Z:1.8
G1 Z2.2 F3000
G0 X129.143 Y112.038 F9000
G1 Z1.8 F3000
G1 E105.15571 F2400
G1 X129.143 Y112.038 F1800
G1 X128.873 Y114.558 E105.24421
G1 X128.573 Y117.158 E105.33563
G1 X128.167 Y119.895 E105.43226
G1 X127.5 Y122.75 E105.53464
G1 X126.319 Y125.527 E105.64005
G1 X124.384 Y127.811 E105.74458
G1 X121.744 Y129.222 E105.84911
G1 X118.78 Y129.791 E105.95451
G1 X115.849 Y129.843 E106.05689
G1 X113.088 Y129.664 E106.15353
G1 X110.483 Y129.41 E106.24494
G1 X107.962 Y129.143 E106.33345
G1 X105.442 Y128.873 E106.42195
G1 X102.842 Y128.573 E106.51336
G1 X100.105 Y128.167 E106.61000
G1 X97.25 Y127.5 E106.71238
G1 X94.473 Y126.319 E106.81778
G1 X92.189 Y124.384 E106.92231
G1 X90.778 Y121.744 E107.02684
G1 X90.209 Y118.78 E107.13225
G1 X90.157 Y115.849 E107.23463
G1 X90.336 Y113.088 E107.33126
G1 X90.59 Y110.483 E107.42268
G1 X90.857 Y107.962 E107.51118
G1 X91.127 Y105.442 E107.59969
G1 X91.427 Y102.842 E107.69110
G1 X91.833 Y100.105 E107.78774
G1 X92.5 Y97.25 E107.89012
G1 X93.681 Y94.473 E107.99552
G1 X95.616 Y92.189 E108.10005
G1 X98.256 Y90.778 E108.20458
G1 X101.22 Y90.209 E108.30998
G1 X104.151 Y90.157 E108.41236
G1 X106.912 Y90.336 E108.50900
G1 X109.517 Y90.59 E108.60041
G1 X112.038 Y90.857 E108.68892
G1 X114.558 Y91.127 E108.77742
G1 X117.158 Y91.427 E108.86884
G1 X119.895 Y91.833 E108.96547
G1 X122.75 Y92.5 E109.06785
G1 X125.527 Y93.681 E109.17325
G1 X127.811 Y95.616 E109.27779
G1 X129.222 Y98.256 E109.38232
G1 X129.791 Y101.22 E109.48772
G1 X129.843 Y104.151 E109.59010
G1 X129.664 Y106.912 E109.68674
G1 X129.41 Y109.517 E109.77815
G1 X129.143 Y112.038 E109.86665
G1 X128.696 Y111.99 F1800
G1 X128.432 Y114.451 E109.95309
G1 X128.139 Y116.991 E110.04237
G1 X127.742 Y119.664 E110.13674
G1 X127.09 Y122.452 E110.23673
G1 X125.937 Y125.164 E110.33967
G1 X124.048 Y127.394 E110.44176
G1 X121.47 Y128.772 E110.54384
G1 X118.575 Y129.329 E110.64678
G1 X115.712 Y129.379 E110.74677
G1 X113.016 Y129.204 E110.84115
G1 X110.471 Y128.956 E110.93042
G1 X108.01 Y128.696 E111.01686
G1 X105.549 Y128.432 E111.10330
G1 X103.009 Y128.139 E111.19257
G1 X100.336 Y127.742 E111.28695
G1 X97.548 Y127.09 E111.38694
G1 X94.836 Y125.937 E111.48988
G1 X92.606 Y124.048 E111.59196
G1 X91.228 Y121.47 E111.69405
G1 X90.671 Y118.575 E111.79699
G1 X90.621 Y115.712 E111.89698
G1 X90.796 Y113.016 E111.99135
G1 X91.044 Y110.471 E112.08063
G1 X91.304 Y108.01 E112.16707
G1 X91.568 Y105.549 E112.25350
G1 X91.861 Y103.009 E112.34278
G1 X92.258 Y100.336 E112.43716
G1 X92.91 Y97.548 E112.53714
G1 X94.063 Y94.836 E112.64008
G1 X95.952 Y92.606 E112.74217
G1 X98.53 Y91.228 E112.84426
G1 X101.425 Y90.671 E112.94719
G1 X104.288 Y90.621 E113.04718
G1 X106.984 Y90.796 E113.14156
G1 X109.529 Y91.044 E113.23084
G1 X111.99 Y91.304 E113.31727
G1 X114.451 Y91.568 E113.40371
G1 X116.991 Y91.861 E113.49299
G1 X119.664 Y92.258 E113.58736
G1 X122.452 Y92.91 E113.68735
G1 X125.164 Y94.063 E113.79029
G1 X127.394 Y95.952 E113.89238
G1 X128.772 Y98.53 E113.99446
G1 X129.329 Y101.425 E114.09740
G1 X129.379 Y104.288 E114.19739
G1 X129.204 Y106.984 E114.29177
G1 X128.956 Y109.529 E114.38104
G1 X128.696 Y111.99 E114.46748
G1 E113.66748 F2400
;LAYER_CHANGE
;Z:2
G1 Z2.4 F3000
G0 X129.263 Y112.309 F9000
G1 Z2 F3000
G1 E114.46748 F2400
G1 X129.263 Y112.309 F1800
G1 X128.958 Y114.845 E114.55667
G1 X128.621 Y117.461 E114.64880
G1 X128.175 Y120.214 E114.74619
G1 X127.464 Y123.082 E114.84937
G1 X126.237 Y125.865 E114.95559
G1 X124.257 Y128.14 E115.06094
G1 X121.578 Y129.527 E115.16628
G1 X118.583 Y130.061 E115.27251
G1 X115.629 Y130.074 E115.37569
G1 X112.849 Y129.857 E115.47308
G1 X110.227 Y129.566 E115.56520
G1 X107.691 Y129.263 E115.65440
G1 X105.155 Y128.958 E115.74359
G1 X102.539 Y128.621 E115.83572
G1 X99.786 Y128.175 E115.93311
G1 X96.918 Y127.464 E116.03628
G1 X94.135 Y126.237 E116.14251
G1 X91.86 Y124.257 E116.24785
G1 X90.473 Y121.578 E116.35320
G1 X89.939 Y118.583 E116.45942
G1 X89.926 Y115.629 E116.56260
G1 X90.143 Y112.849 E116.65999
G1 X90.434 Y110.227 E116.75212
G1 X90.737 Y107.691 E116.84131
G1 X91.042 Y105.155 E116.93051
G1 X91.379 Y102.539 E117.02263
G1 X91.825 Y99.786 E117.12002
G1 X92.536 Y96.918 E117.22320
G1 X93.763 Y94.135 E117.32942
G1 X95.743 Y91.86 E117.43477
G1 X98.422 Y90.473 E117.54012
G1 X101.417 Y89.939 E117.64634
G1 X104.371 Y89.926 E117.74952
G1 X107.151 Y90.143 E117.84691
G1 X109.773 Y90.434 E117.93903
G1 X112.309 Y90.737 E118.02823
G1 X114.845 Y91.042 E118.11742
G1 X117.461 Y91.379 E118.20955
G1 X120.214 Y91.825 E118.30694
G1 X123.082 Y92.536 E118.41012
G1 X125.865 Y93.763 E118.51634
G1 X128.14 Y95.743 E118.62169
G1 X129.527 Y98.422 E118.72703
G1 X130.061 Y101.417 E118.83326
G1 X130.074 Y104.371 E118.93643
G1 X129.857 Y107.151 E119.03382
G1 X129.566 Y109.773 E119.12595
G1 X129.263 Y112.309 E119.21514
G1 X128.817 Y112.256 F1800
G1 X128.518 Y114.732 E119.30227
G1 X128.189 Y117.288 E119.39226
G1 X127.753 Y119.977 E119.48739
G1 X127.059 Y122.778 E119.58818
G1 X125.861 Y125.497 E119.69193
G1 X123.926 Y127.719 E119.79484
G1 X121.309 Y129.074 E119.89774
G1 X118.384 Y129.596 E120.00150
G1 X115.498 Y129.608 E120.10229
G1 X112.783 Y129.396 E120.19742
G1 X110.222 Y129.112 E120.28740
G1 X107.744 Y128.817 E120.37453
G1 X105.268 Y128.518 E120.46166
G1 X102.712 Y128.189 E120.55165
G1 X100.023 Y127.753 E120.64678
G1 X97.222 Y127.059 E120.74756
G1 X94.503 Y125.861 E120.85132
G1 X92.281 Y123.926 E120.95422
G1 X90.926 Y121.309 E121.05713
G1 X90.404 Y118.384 E121.16089
G1 X90.392 Y115.498 E121.26167
G1 X90.604 Y112.783 E121.35680
G1 X90.888 Y110.222 E121.44679
G1 X91.183 Y107.744 E121.53392
G1 X91.482 Y105.268 E121.62104
G1 X91.811 Y102.712 E121.71103
G1 X92.247 Y100.023 E121.80616
G1 X92.941 Y97.222 E121.90695
G1 X94.139 Y94.503 E122.01071
G1 X96.074 Y92.281 E122.11361
G1 X98.691 Y90.926 E122.21651
G1 X101.616 Y90.404 E122.32027
G1 X104.502 Y90.392 E122.42106
G1 X107.217 Y90.604 E122.51619
G1 X109.778 Y90.888 E122.60618
G1 X112.256 Y91.183 E122.69330
G1 X114.732 Y91.482 E122.78043
G1 X117.288 Y91.811 E122.87042
G1 X119.977 Y92.247 E122.96555
G1 X122.778 Y92.941 E123.06634
G1 X125.497 Y94.139 E123.17009
G1 X127.719 Y96.074 E123.27300
G1 X129.074 Y98.691 E123.37590
G1 X129.596 Y101.616 E123.47966
G1 X129.608 Y104.502 E123.58044
G1 X129.396 Y107.217 E123.67558
G1 X129.112 Y109.778 E123.76556
G1 X128.817 Y112.256 E123.85269
G1 E123.05269 F2400
;LAYER_CHANGE
;Z:2.2
G1 Z2.6 F3000
G0 X129.378 Y112.584 F9000
G1 Z2.2 F3000
G1 E123.85269 F2400
G1 X129.378 Y112.584 F1800
G1 X129.036 Y115.135 E123.94256
G1 X128.661 Y117.766 E124.03539
G1 X128.175 Y120.534 E124.13352
G1 X127.421 Y123.413 E124.23749
G1 X126.148 Y126.201 E124.34452
G1 X124.122 Y128.467 E124.45067
G1 X121.404 Y129.828 E124.55682
G1 X118.38 Y130.327 E124.66385
G1 X115.403 Y130.3 E124.76782
G1 X112.605 Y130.044 E124.86595
G1 X109.967 Y129.716 E124.95878
G1 X107.416 Y129.378 E125.04865
G1 X104.865 Y129.036 E125.13853
G1 X102.234 Y128.661 E125.23135
G1 X99.466 Y128.175 E125.32948
G1 X96.587 Y127.421 E125.43345
G1 X93.799 Y126.148 E125.54048
G1 X91.533 Y124.122 E125.64663
G1 X90.172 Y121.404 E125.75278
G1 X89.673 Y118.38 E125.85981
G1 X89.7 Y115.403 E125.96378
G1 X89.956 Y112.605 E126.06191
G1 X90.284 Y109.967 E126.15474
G1 X90.622 Y107.416 E126.24461
G1 X90.964 Y104.865 E126.33449
G1 X91.339 Y102.234 E126.42731
G1 X91.825 Y99.466 E126.52545
G1 X92.579 Y96.587 E126.62941
G1 X93.852 Y93.799 E126.73644
G1 X95.878 Y91.533 E126.84259
G1 X98.596 Y90.172 E126.94874
G1 X101.62 Y89.673 E127.05577
G1 X104.597 Y89.7 E127.15974
G1 X107.395 Y89.956 E127.25787
G1 X110.033 Y90.284 E127.35070
G1 X112.584 Y90.622 E127.44057
G1 X115.135 Y90.964 E127.53045
G1 X117.766 Y91.339 E127.62327
G1 X120.534 Y91.825 E127.72141
G1 X123.413 Y92.579 E127.82537
G1 X126.201 Y93.852 E127.93240
G1 X128.467 Y95.878 E128.03855
G1 X129.828 Y98.596 E128.14470
G1 X130.327 Y101.62 E128.25173
G1 X130.3 Y104.597 E128.35570
G1 X130.044 Y107.395 E128.45383
G1 X129.716 Y110.033 E128.54666
G1 X129.378 Y112.584 E128.63653
G1 X128.932 Y112.524 F1800
G1 X128.598 Y115.016 E128.72434
G1 X128.232 Y117.587 E128.81503
G1 X127.757 Y120.291 E128.91090
G1 X127.02 Y123.105 E129.01248
G1 X125.776 Y125.828 E129.11704
G1 X123.797 Y128.042 E129.22075
G1 X121.142 Y129.372 E129.32445
G1 X118.187 Y129.859 E129.42902
G1 X115.279 Y129.833 E129.53060
G1 X112.545 Y129.583 E129.62647
G1 X109.968 Y129.262 E129.71716
G1 X107.476 Y128.932 E129.80496
G1 X104.984 Y128.598 E129.89277
G1 X102.413 Y128.232 E129.98346
G1 X99.709 Y127.757 E130.07933
G1 X96.895 Y127.02 E130.18091
G1 X94.172 Y125.776 E130.28547
G1 X91.958 Y123.797 E130.38918
G1 X90.628 Y121.142 E130.49289
G1 X90.141 Y118.187 E130.59745
G1 X90.167 Y115.279 E130.69903
G1 X90.417 Y112.545 E130.79490
G1 X90.738 Y109.968 E130.88559
G1 X91.068 Y107.476 E130.97340
G1 X91.402 Y104.984 E131.06120
G1 X91.768 Y102.413 E131.15189
G1 X92.243 Y99.709 E131.24776
G1 X92.98 Y96.895 E131.34934
G1 X94.224 Y94.172 E131.45391
G1 X96.203 Y91.958 E131.55761
G1 X98.858 Y90.628 E131.66132
G1 X101.813 Y90.141 E131.76588
G1 X104.721 Y90.167 E131.86746
G1 X107.455 Y90.417 E131.96333
G1 X110.032 Y90.738 E132.05402
G1 X112.524 Y91.068 E132.14183
G1 X115.016 Y91.402 E132.22963
G1 X117.587 Y91.768 E132.32032
G1 X120.291 Y92.243 E132.41620
G1 X123.105 Y92.98 E132.51777
G1 X125.828 Y94.224 E132.62234
G1 X128.042 Y96.203 E132.72604
G1 X129.372 Y98.858 E132.82975
G1 X129.859 Y101.813 E132.93432
G1 X129.833 Y104.721 E133.03589
G1 X129.583 Y107.455 E133.13176
G1 X129.262 Y110.032 E133.22245
G1 X128.932 Y112.524 E133.31026
G1 E132.51026 F2400
;LAYER_CHANGE
;Z:2.4
G1 Z2.8 F3000
G0 X129.485 Y112.862 F9000
G1 Z2.4 F3000
G1 E133.31026 F2400
G1 X129.485 Y112.862 F1800
G1 X129.107 Y115.426 E133.40080
G1 X128.695 Y118.072 E133.49432
G1 X128.168 Y120.854 E133.59318
G1 X127.37 Y123.745 E133.69792
G1 X126.05 Y126.536 E133.80575
G1 X123.979 Y128.792 E133.91269
G1 X121.223 Y130.126 E134.01962
G1 X118.17 Y130.588 E134.12745
G1 X115.172 Y130.521 E134.23219
G1 X112.357 Y130.226 E134.33105
G1 X109.704 Y129.861 E134.42457
G1 X107.138 Y129.485 E134.51511
G1 X104.574 Y129.107 E134.60566
G1 X101.928 Y128.695 E134.69917
G1 X99.146 Y128.168 E134.79804
G1 X96.255 Y127.37 E134.90277
G1 X93.464 Y126.05 E135.01060
G1 X91.208 Y123.979 E135.11754
G1 X89.874 Y121.223 E135.22448
G1 X89.412 Y118.17 E135.33231
G1 X89.479 Y115.172 E135.43705
G1 X89.774 Y112.357 E135.53591
G1 X90.139 Y109.704 E135.62943
G1 X90.515 Y107.138 E135.71997
G1 X90.893 Y104.574 E135.81051
G1 X91.305 Y101.928 E135.90403
G1 X91.832 Y99.146 E136.00289
G1 X92.63 Y96.255 E136.10763
G1 X93.95 Y93.464 E136.21546
G1 X96.021 Y91.208 E136.32240
G1 X98.777 Y89.874 E136.42933
G1 X101.83 Y89.412 E136.53716
G1 X104.828 Y89.479 E136.64190
G1 X107.643 Y89.774 E136.74076
G1 X110.296 Y90.139 E136.83428
G1 X112.862 Y90.515 E136.92482
G1 X115.426 Y90.893 E137.01537
G1 X118.072 Y91.305 E137.10888
G1 X120.854 Y91.832 E137.20775
G1 X123.745 Y92.63 E137.31249
G1 X126.536 Y93.95 E137.42031
G1 X128.792 Y96.021 E137.52725
G1 X130.126 Y98.777 E137.63419
G1 X130.588 Y101.83 E137.74202
G1 X130.521 Y104.828 E137.84676
G1 X130.226 Y107.643 E137.94562
G1 X129.861 Y110.296 E138.03914
G1 X129.485 Y112.862 E138.12968
G1 X129.04 Y112.796 F1800
G1 X128.671 Y115.302 E138.21815
G1 X128.268 Y117.888 E138.30953
G1 X127.753 Y120.606 E138.40614
G1 X126.973 Y123.431 E138.50848
G1 X125.683 Y126.158 E138.61385
G1 X123.66 Y128.362 E138.71834
G1 X120.967 Y129.667 E138.82284
G1 X117.984 Y130.118 E138.92820
G1 X115.054 Y130.052 E139.03055
G1 X112.303 Y129.764 E139.12715
G1 X109.711 Y129.407 E139.21853
G1 X107.204 Y129.04 E139.30701
G1 X104.698 Y128.671 E139.39548
G1 X102.112 Y128.268 E139.48686
G1 X99.394 Y127.753 E139.58346
G1 X96.569 Y126.973 E139.68581
G1 X93.842 Y125.683 E139.79117
G1 X91.638 Y123.66 E139.89567
G1 X90.333 Y120.967 E140.00016
G1 X89.882 Y117.984 E140.10553
G1 X89.948 Y115.054 E140.20787
G1 X90.236 Y112.303 E140.30448
G1 X90.593 Y109.711 E140.39586
G1 X90.96 Y107.204 E140.48433
G1 X91.329 Y104.698 E140.57280
G1 X91.732 Y102.112 E140.66419
G1 X92.247 Y99.394 E140.76079
G1 X93.027 Y96.569 E140.86313
G1 X94.317 Y93.842 E140.96850
G1 X96.34 Y91.638 E141.07299
G1 X99.033 Y90.333 E141.17749
G1 X102.016 Y89.882 E141.28285
G1 X104.946 Y89.948 E141.38520
G1 X107.697 Y90.236 E141.48180
G1 X110.289 Y90.593 E141.57318
G1 X112.796 Y90.96 E141.66166
G1 X115.302 Y91.329 E141.75013
G1 X117.888 Y91.732 E141.84151
G1 X120.606 Y92.247 E141.93811
G1 X123.431 Y93.027 E142.04046
G1 X126.158 Y94.317 E142.14582
G1 X128.362 Y96.34 E142.25032
G1 X129.667 Y99.033 E142.35481
G1 X130.118 Y102.016 E142.46018
G1 X130.052 Y104.946 E142.56252
G1 X129.764 Y107.697 E142.65913
G1 X129.407 Y110.289 E142.75051
G1 X129.04 Y112.796 E142.83898
G1 E142.03898 F2400
;LAYER_CHANGE
;Z:2.6
G1 Z3 F3000
G0 X129.587 Y113.142 F9000
G1 Z2.6 F3000
G1 E142.83898 F2400
G1 X129.587 Y113.142 F1800
G1 X129.172 Y115.72 E142.93018
G1 X128.721 Y118.38 E143.02438
G1 X128.153 Y121.174 E143.12395
G1 X127.311 Y124.075 E143.22945
G1 X125.944 Y126.869 E143.33806
G1 X123.828 Y129.113 E143.44578
G1 X121.035 Y130.42 E143.55349
G1 X117.954 Y130.845 E143.66210
G1 X114.935 Y130.737 E143.76760
G1 X112.103 Y130.402 E143.86717
G1 X109.437 Y129.999 E143.96137
G1 X106.858 Y129.587 E144.05257
G1 X104.28 Y129.172 E144.14377
G1 X101.62 Y128.721 E144.23796
G1 X98.826 Y128.153 E144.33754
G1 X95.925 Y127.311 E144.44304
G1 X93.131 Y125.944 E144.55165
G1 X90.887 Y123.828 E144.65936
G1 X89.58 Y121.035 E144.76707
G1 X89.155 Y117.954 E144.87568
G1 X89.263 Y114.935 E144.98118
G1 X89.598 Y112.103 E145.08076
G1 X90.001 Y109.437 E145.17496
G1 X90.413 Y106.858 E145.26615
G1 X90.828 Y104.28 E145.35735
G1 X91.279 Y101.62 E145.45155
G1 X91.847 Y98.826 E145.55113
G1 X92.689 Y95.925 E145.65663
G1 X94.056 Y93.131 E145.76523
G1 X96.172 Y90.887 E145.87295
G1 X98.965 Y89.58 E145.98066
G1 X102.046 Y89.155 E146.08927
G1 X105.065 Y89.263 E146.19477
G1 X107.897 Y89.598 E146.29435
G1 X110.563 Y90.001 E146.38854
G1 X113.142 Y90.413 E146.47974
G1 X115.72 Y90.828 E146.57094
G1 X118.38 Y91.279 E146.66514
G1 X121.174 Y91.847 E146.76471
G1 X124.075 Y92.689 E146.87021
G1 X126.869 Y94.056 E146.97882
G1 X129.113 Y96.172 E147.08653
G1 X130.42 Y98.965 E147.19425
G1 X130.845 Y102.046 E147.30286
G1 X130.737 Y105.065 E147.40835
G1 X130.402 Y107.897 E147.50793
G1 X129.999 Y110.563 E147.60213
G1 X129.587 Y113.142 E147.69333
G1 X129.142 Y113.071 F1800
G1 X128.737 Y115.591 E147.78246
G1 X128.296 Y118.19 E147.87452
G1 X127.741 Y120.92 E147.97184
G1 X126.918 Y123.756 E148.07494
G1 X125.582 Y126.486 E148.18109
G1 X123.515 Y128.679 E148.28636
G1 X120.785 Y129.957 E148.39163
G1 X117.774 Y130.372 E148.49777
G1 X114.823 Y130.267 E148.60088
G1 X112.056 Y129.94 E148.69819
G1 X109.449 Y129.545 E148.79025
G1 X106.929 Y129.142 E148.87938
G1 X104.409 Y128.737 E148.96851
G1 X101.81 Y128.296 E149.06057
G1 X99.08 Y127.741 E149.15789
G1 X96.244 Y126.918 E149.26100
G1 X93.514 Y125.582 E149.36714
G1 X91.321 Y123.515 E149.47241
G1 X90.043 Y120.785 E149.57768
G1 X89.628 Y117.774 E149.68383
G1 X89.733 Y114.823 E149.78693
G1 X90.06 Y112.056 E149.88425
G1 X90.455 Y109.449 E149.97631
G1 X90.858 Y106.929 E150.06544
G1 X91.263 Y104.409 E150.15457
G1 X91.704 Y101.81 E150.24663
G1 X92.259 Y99.08 E150.34395
G1 X93.082 Y96.244 E150.44705
G1 X94.418 Y93.514 E150.55320
G1 X96.485 Y91.321 E150.65847
G1 X99.215 Y90.043 E150.76374
G1 X102.226 Y89.628 E150.86988
G1 X105.177 Y89.733 E150.97299
G1 X107.944 Y90.06 E151.07031
G1 X110.551 Y90.455 E151.16237
G1 X113.071 Y90.858 E151.25150
G1 X115.591 Y91.263 E151.34063
G1 X118.19 Y91.704 E151.43269
G1 X120.92 Y92.259 E151.53000
G1 X123.756 Y93.082 E151.63311
G1 X126.486 Y94.418 E151.73926
G1 X128.679 Y96.485 E151.84452
G1 X129.957 Y99.215 E151.94979
G1 X130.372 Y102.226 E152.05594
G1 X130.267 Y105.177 E152.15904
G1 X129.94 Y107.944 E152.25636
G1 X129.545 Y110.551 E152.34842
G1 X129.142 Y113.071 E152.43755
G1 E151.63755 F2400
;LAYER_CHANGE
;Z:2.8
G1 Z3.2 F3000
G0 X129.681 Y113.425 F9000
G1 Z2.8 F3000
G1 E152.43755 F2400
G1 X129.681 Y113.425 F1800
G1 X129.229 Y116.016 E152.52939
G1 X128.739 Y118.688 E152.62425
G1 X128.13 Y121.494 E152.72453
G1 X127.243 Y124.404 E152.83078
G1 X125.83 Y127.199 E152.94015
G1 X123.669 Y129.43 E153.04862
G1 X120.839 Y130.71 E153.15710
G1 X117.731 Y131.096 E153.26647
G1 X114.693 Y130.948 E153.37271
G1 X111.846 Y130.573 E153.47299
G1 X109.166 Y130.131 E153.56785
G1 X106.575 Y129.681 E153.65969
G1 X103.984 Y129.229 E153.75153
G1 X101.312 Y128.739 E153.84639
G1 X98.506 Y128.13 E153.94667
G1 X95.596 Y127.243 E154.05291
G1 X92.801 Y125.83 E154.16229
G1 X90.57 Y123.669 E154.27076
G1 X89.29 Y120.839 E154.37923
G1 X88.904 Y117.731 E154.48861
G1 X89.052 Y114.693 E154.59485
G1 X89.427 Y111.846 E154.69513
G1 X89.869 Y109.166 E154.78999
G1 X90.319 Y106.575 E154.88183
G1 X90.771 Y103.984 E154.97367
G1 X91.261 Y101.312 E155.06853
G1 X91.87 Y98.506 E155.16881
G1 X92.757 Y95.596 E155.27505
G1 X94.17 Y92.801 E155.38443
G1 X96.331 Y90.57 E155.49290
G1 X99.161 Y89.29 E155.60137
G1 X102.269 Y88.904 E155.71075
G1 X105.307 Y89.052 E155.81699
G1 X108.154 Y89.427 E155.91727
G1 X110.834 Y89.869 E156.01213
G1 X113.425 Y90.319 E156.10397
G1 X116.016 Y90.771 E156.19581
G1 X118.688 Y91.261 E156.29067
G1 X121.494 Y91.87 E156.39095
G1 X124.404 Y92.757 E156.49719
G1 X127.199 Y94.17 E156.60657
G1 X129.43 Y96.331 E156.71504
G1 X130.71 Y99.161 E156.82351
G1 X131.096 Y102.269 E156.93289
G1 X130.948 Y105.307 E157.03913
G1 X130.573 Y108.154 E157.13941
G1 X130.131 Y110.834 E157.23427
G1 X129.681 Y113.425 E157.32611
G1 X129.238 Y113.348 F1800
G1 X128.796 Y115.881 E157.41588
G1 X128.317 Y118.492 E157.50861
G1 X127.722 Y121.235 E157.60663
G1 X126.855 Y124.079 E157.71048
G1 X125.473 Y126.811 E157.81739
G1 X123.361 Y128.993 E157.92342
G1 X120.595 Y130.243 E158.02944
G1 X117.557 Y130.621 E158.13636
G1 X114.587 Y130.476 E158.24020
G1 X111.804 Y130.109 E158.33822
G1 X109.184 Y129.677 E158.43095
G1 X106.652 Y129.238 E158.52072
G1 X104.119 Y128.796 E158.61049
G1 X101.508 Y128.317 E158.70322
G1 X98.765 Y127.722 E158.80124
G1 X95.921 Y126.855 E158.90508
G1 X93.189 Y125.473 E159.01200
G1 X91.007 Y123.361 E159.11802
G1 X89.757 Y120.595 E159.22405
G1 X89.379 Y117.557 E159.33096
G1 X89.524 Y114.587 E159.43481
G1 X89.891 Y111.804 E159.53283
G1 X90.323 Y109.184 E159.62556
G1 X90.762 Y106.652 E159.71533
G1 X91.204 Y104.119 E159.80510
G1 X91.683 Y101.508 E159.89782
G1 X92.278 Y98.765 E159.99585
G1 X93.145 Y95.921 E160.09969
G1 X94.527 Y93.189 E160.20661
G1 X96.639 Y91.007 E160.31263
G1 X99.405 Y89.757 E160.41866
G1 X102.443 Y89.379 E160.52557
G1 X105.413 Y89.524 E160.62942
G1 X108.196 Y89.891 E160.72744
G1 X110.816 Y90.323 E160.82017
G1 X113.348 Y90.762 E160.90994
G1 X115.881 Y91.204 E160.99971
G1 X118.492 Y91.683 E161.09243
G1 X121.235 Y92.278 E161.19046
G1 X124.079 Y93.145 E161.29430
G1 X126.811 Y94.527 E161.40121
G1 X128.993 Y96.639 E161.50724
G1 X130.243 Y99.405 E161.61327
G1 X130.621 Y102.443 E161.72018
G1 X130.476 Y105.413 E161.82403
G1 X130.109 Y108.196 E161.92205
G1 X129.677 Y110.816 E162.01478
G1 X129.238 Y113.348 E162.10455
G1 E161.30455 F2400
;LAYER_CHANGE
;Z:3
G1 Z3.4 F3000
G0 X129.768 Y113.711 F9000
G1 Z3 F3000
G1 E162.10455 F2400
G1 X129.768 Y113.711 F1800
G1 X129.278 Y116.313 E162.19702
G1 X128.75 Y118.997 E162.29253
G1 X128.099 Y121.814 E162.39349
G1 X127.167 Y124.731 E162.50046
G1 X125.707 Y127.526 E162.61058
G1 X123.502 Y129.744 E162.71980
G1 X120.636 Y130.994 E162.82901
G1 X117.502 Y131.341 E162.93914
G1 X114.445 Y131.152 E163.04610
G1 X111.584 Y130.736 E163.14707
G1 X108.891 Y130.255 E163.24258
G1 X106.289 Y129.768 E163.33505
G1 X103.687 Y129.278 E163.42752
G1 X101.003 Y128.75 E163.52303
G1 X98.186 Y128.099 E163.62399
G1 X95.269 Y127.167 E163.73096
G1 X92.474 Y125.707 E163.84109
G1 X90.256 Y123.502 E163.95030
G1 X89.006 Y120.636 E164.05951
G1 X88.659 Y117.502 E164.16964
G1 X88.848 Y114.445 E164.27661
G1 X89.264 Y111.584 E164.37757
G1 X89.745 Y108.891 E164.47308
G1 X90.232 Y106.289 E164.56555
G1 X90.722 Y103.687 E164.65802
G1 X91.25 Y101.003 E164.75353
G1 X91.901 Y98.186 E164.85450
G1 X92.833 Y95.269 E164.96146
G1 X94.293 Y92.474 E165.07159
G1 X96.498 Y90.256 E165.18080
G1 X99.364 Y89.006 E165.29002
G1 X102.498 Y88.659 E165.40014
G1 X105.555 Y88.848 E165.50711
G1 X108.416 Y89.264 E165.60807
G1 X111.109 Y89.745 E165.70358
G1 X113.711 Y90.232 E165.79605
G1 X116.313 Y90.722 E165.88852
G1 X118.997 Y91.25 E165.98403
G1 X121.814 Y91.901 E166.08500
G1 X124.731 Y92.833 E166.19196
G1 X127.526 Y94.293 E166.30209
G1 X129.744 Y96.498 E166.41130
G1 X130.994 Y99.364 E166.52052
G1 X131.341 Y102.498 E166.63064
G1 X131.152 Y105.555 E166.73761
G1 X130.736 Y108.416 E166.83857
G1 X130.255 Y111.109 E166.93408
G1 X129.768 Y113.711 E167.02655
G1 X129.326 Y113.628 F1800
G1 X128.847 Y116.172 E167.11695
G1 X128.33 Y118.795 E167.21033
G1 X127.694 Y121.549 E167.30903
G1 X126.783 Y124.402 E167.41361
G1 X125.356 Y127.134 E167.52127
G1 X123.2 Y129.302 E167.62804
G1 X120.398 Y130.525 E167.73481
G1 X117.334 Y130.864 E167.84247
G1 X114.345 Y130.678 E167.94704
G1 X111.548 Y130.272 E168.04575
G1 X108.916 Y129.802 E168.13912
G1 X106.372 Y129.326 E168.22952
G1 X103.828 Y128.847 E168.31993
G1 X101.205 Y128.33 E168.41330
G1 X98.451 Y127.694 E168.51200
G1 X95.598 Y126.783 E168.61658
G1 X92.866 Y125.356 E168.72424
G1 X90.698 Y123.2 E168.83101
G1 X89.475 Y120.398 E168.93778
G1 X89.136 Y117.334 E169.04544
G1 X89.322 Y114.345 E169.15002
G1 X89.728 Y111.548 E169.24872
G1 X90.198 Y108.916 E169.34209
G1 X90.674 Y106.372 E169.43250
G1 X91.153 Y103.828 E169.52290
G1 X91.67 Y101.205 E169.61627
G1 X92.306 Y98.451 E169.71498
G1 X93.217 Y95.598 E169.81955
G1 X94.644 Y92.866 E169.92721
G1 X96.8 Y90.698 E170.03398
G1 X99.602 Y89.475 E170.14075
G1 X102.666 Y89.136 E170.24841
G1 X105.655 Y89.322 E170.35299
G1 X108.452 Y89.728 E170.45169
G1 X111.084 Y90.198 E170.54507
G1 X113.628 Y90.674 E170.63547
G1 X116.172 Y91.153 E170.72587
G1 X118.795 Y91.67 E170.81924
G1 X121.549 Y92.306 E170.91795
G1 X124.402 Y93.217 E171.02252
G1 X127.134 Y94.644 E171.13018
G1 X129.302 Y96.8 E171.23695
G1 X130.525 Y99.602 E171.34372
G1 X130.864 Y102.666 E171.45138
G1 X130.678 Y105.655 E171.55596
G1 X130.272 Y108.452 E171.65467
G1 X129.802 Y111.084 E171.74804
G1 X129.326 Y113.628 E171.83844
G1 E171.03844 F2400
;LAYER_CHANGE
;Z:3.2
G1 Z3.6 F3000
G0 X129.848 Y113.999 F9000
G1 Z3.2 F3000
G1 E171.83844 F2400
G1 X129.848 Y113.999 F1800
G1 X129.32 Y116.612 E171.93152
G1 X128.752 Y119.306 E172.02766
G1 X128.06 Y122.132 E172.12930
G1 X127.083 Y125.057 E172.23698
G1 X125.576 Y127.85 E172.34783
G1 X123.327 Y130.053 E172.45777
G1 X120.425 Y131.274 E172.56771
G1 X117.266 Y131.581 E172.67856
G1 X114.191 Y131.349 E172.78624
G1 X111.317 Y130.893 E172.88787
G1 X108.614 Y130.373 E172.98401
G1 X106.001 Y129.848 E173.07710
G1 X103.388 Y129.32 E173.17018
G1 X100.694 Y128.752 E173.26632
G1 X97.868 Y128.06 E173.36796
G1 X94.943 Y127.083 E173.47563
G1 X92.15 Y125.576 E173.58649
G1 X89.947 Y123.327 E173.69643
G1 X88.726 Y120.425 E173.80636
G1 X88.419 Y117.266 E173.91722
G1 X88.651 Y114.191 E174.02490
G1 X89.107 Y111.317 E174.12653
G1 X89.627 Y108.614 E174.22267
G1 X90.152 Y106.001 E174.31576
G1 X90.68 Y103.388 E174.40884
G1 X91.248 Y100.694 E174.50498
G1 X91.94 Y97.868 E174.60662
G1 X92.917 Y94.943 E174.71429
G1 X94.424 Y92.15 E174.82515
G1 X96.673 Y89.947 E174.93508
G1 X99.575 Y88.726 E175.04502
G1 X102.734 Y88.419 E175.15588
G1 X105.809 Y88.651 E175.26355
G1 X108.683 Y89.107 E175.36519
G1 X111.386 Y89.627 E175.46133
G1 X113.999 Y90.152 E175.55441
G1 X116.612 Y90.68 E175.64750
G1 X119.306 Y91.248 E175.74364
G1 X122.132 Y91.94 E175.84527
G1 X125.057 Y92.917 E175.95295
G1 X127.85 Y94.424 E176.06380
G1 X130.053 Y96.673 E176.17374
G1 X131.274 Y99.575 E176.28368
G1 X131.581 Y102.734 E176.39453
G1 X131.349 Y105.809 E176.50221
G1 X130.893 Y108.683 E176.60385
G1 X130.373 Y111.386 E176.69999
G1 X129.848 Y113.999 E176.79307
G1 X129.407 Y113.91 F1800
G1 X128.891 Y116.465 E176.88409
G1 X128.336 Y119.099 E176.97809
G1 X127.659 Y121.863 E177.07747
G1 X126.703 Y124.722 E177.18275
G1 X125.23 Y127.454 E177.29114
G1 X123.031 Y129.608 E177.39864
G1 X120.194 Y130.801 E177.50613
G1 X117.105 Y131.101 E177.61452
G1 X114.098 Y130.875 E177.71981
G1 X111.288 Y130.428 E177.81918
G1 X108.645 Y129.92 E177.91319
G1 X106.09 Y129.407 E178.00420
G1 X103.535 Y128.891 E178.09522
G1 X100.901 Y128.336 E178.18922
G1 X98.137 Y127.659 E178.28860
G1 X95.278 Y126.703 E178.39388
G1 X92.546 Y125.23 E178.50227
G1 X90.392 Y123.031 E178.60977
G1 X89.199 Y120.194 E178.71726
G1 X88.899 Y117.105 E178.82565
G1 X89.125 Y114.098 E178.93093
G1 X89.572 Y111.288 E179.03031
G1 X90.08 Y108.645 E179.12432
G1 X90.593 Y106.09 E179.21533
G1 X91.109 Y103.535 E179.30634
G1 X91.664 Y100.901 E179.40035
G1 X92.341 Y98.137 E179.49973
G1 X93.297 Y95.278 E179.60501
G1 X94.77 Y92.546 E179.71340
G1 X96.969 Y90.392 E179.82089
G1 X99.806 Y89.199 E179.92839
G1 X102.895 Y88.899 E180.03678
G1 X105.902 Y89.125 E180.14206
G1 X108.712 Y89.572 E180.24144
G1 X111.355 Y90.08 E180.33544
G1 X113.91 Y90.593 E180.42646
G1 X116.465 Y91.109 E180.51747
G1 X119.099 Y91.664 E180.61148
G1 X121.863 Y92.341 E180.71085
G1 X124.722 Y93.297 E180.81614
G1 X127.454 Y94.77 E180.92453
G1 X129.608 Y96.969 E181.03202
G1 X130.801 Y99.806 E181.13952
G1 X131.101 Y102.895 E181.24791
G1 X130.875 Y105.902 E181.35319
G1 X130.428 Y108.712 E181.45257
G1 X129.92 Y111.355 E181.54657
G1 X129.407 Y113.91 E181.63759
G1 E180.83759 F2400
;LAYER_CHANGE
;Z:3.4
G1 Z3.8 F3000
G0 X129.92 Y114.289 F9000
G1 Z3.4 F3000
G1 E181.63759 F2400
G1 X129.92 Y114.289 F1800
G1 X129.354 Y116.911 E181.73127
G1 X128.747 Y119.615 E181.82802
G1 X128.012 Y122.45 E181.93031
G1 X126.99 Y125.38 E182.03868
G1 X125.436 Y128.171 E182.15024
G1 X123.144 Y130.358 E182.26089
G1 X120.207 Y131.547 E182.37153
G1 X117.024 Y131.814 E182.48309
G1 X113.933 Y131.54 E182.59146
G1 X111.047 Y131.042 E182.69375
G1 X108.333 Y130.483 E182.79051
G1 X105.711 Y129.92 E182.88419
G1 X103.089 Y129.354 E182.97787
G1 X100.385 Y128.747 E183.07462
G1 X97.55 Y128.012 E183.17691
G1 X94.62 Y126.99 E183.28528
G1 X91.829 Y125.436 E183.39684
G1 X89.642 Y123.144 E183.50748
G1 X88.453 Y120.207 E183.61813
G1 X88.186 Y117.024 E183.72969
G1 X88.46 Y113.933 E183.83806
G1 X88.958 Y111.047 E183.94035
G1 X89.517 Y108.333 E184.03710
G1 X90.08 Y105.711 E184.13078
G1 X90.646 Y103.089 E184.22446
G1 X91.253 Y100.385 E184.32122
G1 X91.988 Y97.55 E184.42351
G1 X93.01 Y94.62 E184.53188
G1 X94.564 Y91.829 E184.64344
G1 X96.856 Y89.642 E184.75408
G1 X99.793 Y88.453 E184.86473
G1 X102.976 Y88.186 E184.97629
G1 X106.067 Y88.46 E185.08466
G1 X108.953 Y88.958 E185.18694
G1 X111.667 Y89.517 E185.28370
G1 X114.289 Y90.08 E185.37738
G1 X116.911 Y90.646 E185.47106
G1 X119.615 Y91.253 E185.56782
G1 X122.45 Y91.988 E185.67011
G1 X125.38 Y93.01 E185.77847
G1 X128.171 Y94.564 E185.89004
G1 X130.358 Y96.856 E186.00068
G1 X131.547 Y99.793 E186.11132
G1 X131.814 Y102.976 E186.22289
G1 X131.54 Y106.067 E186.33126
G1 X131.042 Y108.953 E186.43354
G1 X130.483 Y111.667 E186.53030
G1 X129.92 Y114.289 E186.62398
G1 X129.48 Y114.195 F1800
G1 X128.927 Y116.759 E186.71559
G1 X128.333 Y119.402 E186.81021
G1 X127.615 Y122.175 E186.91024
G1 X126.615 Y125.04 E187.01622
G1 X125.096 Y127.77 E187.12532
G1 X122.854 Y129.908 E187.23352
G1 X119.982 Y131.071 E187.34171
G1 X116.869 Y131.333 E187.45082
G1 X113.846 Y131.064 E187.55679
G1 X111.024 Y130.578 E187.65682
G1 X108.37 Y130.031 E187.75144
G1 X105.805 Y129.48 E187.84305
G1 X103.241 Y128.927 E187.93466
G1 X100.598 Y128.333 E188.02928
G1 X97.825 Y127.615 E188.12931
G1 X94.96 Y126.615 E188.23528
G1 X92.23 Y125.096 E188.34438
G1 X90.092 Y122.854 E188.45258
G1 X88.929 Y119.982 E188.56078
G1 X88.667 Y116.869 E188.66988
G1 X88.936 Y113.846 E188.77586
G1 X89.422 Y111.024 E188.87589
G1 X89.969 Y108.37 E188.97051
G1 X90.52 Y105.805 E189.06212
G1 X91.073 Y103.241 E189.15373
G1 X91.667 Y100.598 E189.24835
G1 X92.385 Y97.825 E189.34838
G1 X93.385 Y94.96 E189.45435
G1 X94.904 Y92.23 E189.56345
G1 X97.146 Y90.092 E189.67165
G1 X100.018 Y88.929 E189.77985
G1 X103.131 Y88.667 E189.88895
G1 X106.154 Y88.936 E189.99493
G1 X108.976 Y89.422 E190.09495
G1 X111.63 Y89.969 E190.18958
G1 X114.195 Y90.52 E190.28119
G1 X116.759 Y91.073 E190.37280
G1 X119.402 Y91.667 E190.46742
G1 X122.175 Y92.385 E190.56745
G1 X125.04 Y93.385 E190.67342
G1 X127.77 Y94.904 E190.78252
G1 X129.908 Y97.146 E190.89072
G1 X131.071 Y100.018 E190.99892
G1 X131.333 Y103.131 E191.10802
G1 X131.064 Y106.154 E191.21400
G1 X130.578 Y108.976 E191.31402
G1 X130.031 Y111.63 E191.40864
G1 X129.48 Y114.195 E191.50026
G1 E190.70026 F2400
;LAYER_CHANGE
;Z:3.6
G1 Z4 F3000
G0 X129.984 Y114.581 F9000
G1 Z3.6 F3000
G1 E191.50026 F2400
G1 X129.984 Y114.581 F1800
G1 X129.38 Y117.212 E191.59451
G1 X128.733 Y119.923 E191.69187
G1 X127.956 Y122.766 E191.79479
G1 X126.889 Y125.7 E191.90383
G1 X125.288 Y128.488 E192.01608
G1 X122.953 Y130.657 E192.12741
G1 X119.982 Y131.815 E192.23874
G1 X116.776 Y132.041 E192.35099
G1 X113.67 Y131.724 E192.46003
G1 X110.773 Y131.185 E192.56295
G1 X108.05 Y130.586 E192.66030
G1 X105.419 Y129.984 E192.75456
G1 X102.788 Y129.38 E192.84882
G1 X100.077 Y128.733 E192.94618
G1 X97.234 Y127.956 E193.04910
G1 X94.3 Y126.889 E193.15814
G1 X91.512 Y125.288 E193.27039
G1 X89.343 Y122.953 E193.38172
G1 X88.185 Y119.982 E193.49305
G1 X87.959 Y116.776 E193.60530
G1 X88.276 Y113.67 E193.71434
G1 X88.815 Y110.773 E193.81726
G1 X89.414 Y108.05 E193.91461
G1 X90.016 Y105.419 E194.00887
G1 X90.62 Y102.788 E194.10313
G1 X91.267 Y100.077 E194.20049
G1 X92.044 Y97.234 E194.30341
G1 X93.111 Y94.3 E194.41245
G1 X94.712 Y91.512 E194.52470
G1 X97.047 Y89.343 E194.63603
G1 X100.018 Y88.185 E194.74735
G1 X103.224 Y87.959 E194.85961
G1 X106.33 Y88.276 E194.96865
G1 X109.227 Y88.815 E195.07157
G1 X111.95 Y89.414 E195.16892
G1 X114.581 Y90.016 E195.26318
G1 X117.212 Y90.62 E195.35744
G1 X119.923 Y91.267 E195.45480
G1 X122.766 Y92.044 E195.55772
G1 X125.7 Y93.111 E195.66675
G1 X128.488 Y94.712 E195.77901
G1 X130.657 Y97.047 E195.89034
G1 X131.815 Y100.018 E196.00166
G1 X132.041 Y103.224 E196.11392
G1 X131.724 Y106.33 E196.22295
G1 X131.185 Y109.227 E196.32587
G1 X130.586 Y111.95 E196.42323
G1 X129.984 Y114.581 E196.51749
G1 X129.546 Y114.481 F1800
G1 X128.955 Y117.053 E196.60968
G1 X128.322 Y119.705 E196.70490
G1 X127.562 Y122.486 E196.80556
G1 X126.518 Y125.356 E196.91220
G1 X124.953 Y128.082 E197.02199
G1 X122.668 Y130.204 E197.13088
G1 X119.763 Y131.336 E197.23976
G1 X116.627 Y131.557 E197.34955
G1 X113.589 Y131.247 E197.45620
G1 X110.756 Y130.72 E197.55686
G1 X108.093 Y130.134 E197.65208
G1 X105.519 Y129.546 E197.74427
G1 X102.947 Y128.955 E197.83646
G1 X100.295 Y128.322 E197.93168
G1 X97.514 Y127.562 E198.03234
G1 X94.644 Y126.518 E198.13898
G1 X91.918 Y124.953 E198.24877
G1 X89.796 Y122.668 E198.35766
G1 X88.664 Y119.763 E198.46654
G1 X88.443 Y116.627 E198.57633
G1 X88.753 Y113.589 E198.68298
G1 X89.28 Y110.756 E198.78364
G1 X89.866 Y108.093 E198.87886
G1 X90.454 Y105.519 E198.97105
G1 X91.045 Y102.947 E199.06324
G1 X91.678 Y100.295 E199.15846
G1 X92.438 Y97.514 E199.25912
G1 X93.482 Y94.644 E199.36576
G1 X95.047 Y91.918 E199.47555
G1 X97.332 Y89.796 E199.58444
G1 X100.237 Y88.664 E199.69332
G1 X103.373 Y88.443 E199.80311
G1 X106.411 Y88.753 E199.90976
G1 X109.244 Y89.28 E200.01042
G1 X111.907 Y89.866 E200.10564
G1 X114.481 Y90.454 E200.19783
G1 X117.053 Y91.045 E200.29002
G1 X119.705 Y91.678 E200.38524
G1 X122.486 Y92.438 E200.48590
G1 X125.356 Y93.482 E200.59254
G1 X128.082 Y95.047 E200.70233
G1 X130.204 Y97.332 E200.81122
G1 X131.336 Y100.237 E200.92010
G1 X131.557 Y103.373 E201.02989
G1 X131.247 Y106.411 E201.13653
G1 X130.72 Y109.244 E201.23719
G1 X130.134 Y111.907 E201.33241
G1 X129.546 Y114.481 E201.42460
G1 E200.62460 F2400
;LAYER_CHANGE
;Z:3.8
G1 Z4.2 F3000
G0 X130.041 Y114.875 F9000
G1 Z3.8 F3000
G1 E201.42460 F2400
G1 X130.041 Y114.875 F1800
G1 X129.397 Y117.512 E201.51942
G1 X128.71 Y120.231 E201.61736
G1 X127.891 Y123.08 E201.72089
G1 X126.778 Y126.018 E201.83058
G1 X125.131 Y128.8 E201.94350
G1 X122.753 Y130.951 E202.05549
G1 X119.75 Y132.076 E202.16748
G1 X116.522 Y132.261 E202.28041
G1 X113.402 Y131.9 E202.39009
G1 X110.495 Y131.319 E202.49362
G1 X107.764 Y130.681 E202.59156
G1 X105.125 Y130.041 E202.68638
G1 X102.488 Y129.397 E202.78120
G1 X99.769 Y128.71 E202.87914
G1 X96.92 Y127.891 E202.98267
G1 X93.982 Y126.778 E203.09236
G1 X91.2 Y125.131 E203.20528
G1 X89.049 Y122.753 E203.31727
G1 X87.924 Y119.75 E203.42926
G1 X87.739 Y116.522 E203.54218
G1 X88.1 Y113.402 E203.65187
G1 X88.681 Y110.495 E203.75540
G1 X89.319 Y107.764 E203.85334
G1 X89.959 Y105.125 E203.94816
G1 X90.603 Y102.488 E204.04298
G1 X91.29 Y99.769 E204.14091
G1 X92.109 Y96.92 E204.24445
G1 X93.222 Y93.982 E204.35413
G1 X94.869 Y91.2 E204.46706
G1 X97.247 Y89.049 E204.57905
G1 X100.25 Y87.924 E204.69104
G1 X103.478 Y87.739 E204.80396
G1 X106.598 Y88.1 E204.91365
G1 X109.505 Y88.681 E205.01718
G1 X112.236 Y89.319 E205.11511
G1 X114.875 Y89.959 E205.20993
G1 X117.512 Y90.603 E205.30475
G1 X120.231 Y91.29 E205.40269
G1 X123.08 Y92.109 E205.50622
G1 X126.018 Y93.222 E205.61591
G1 X128.8 Y94.869 E205.72883
G1 X130.951 Y97.247 E205.84082
G1 X132.076 Y100.25 E205.95281
G1 X132.261 Y103.478 E206.06573
G1 X131.9 Y106.598 E206.17542
G1 X131.319 Y109.505 E206.27895
G1 X130.681 Y112.236 E206.37689
G1 X130.041 Y114.875 E206.47171
G1 X129.603 Y114.768 F1800
G1 X128.974 Y117.349 E206.56446
G1 X128.302 Y120.008 E206.66026
G1 X127.501 Y122.795 E206.76153
G1 X126.412 Y125.668 E206.86883
G1 X124.801 Y128.39 E206.97929
G1 X122.475 Y130.494 E207.08883
G1 X119.537 Y131.594 E207.19838
G1 X116.379 Y131.775 E207.30884
G1 X113.328 Y131.422 E207.41613
G1 X110.484 Y130.854 E207.51741
G1 X107.813 Y130.23 E207.61321
G1 X105.232 Y129.603 E207.70596
G1 X102.651 Y128.974 E207.79871
G1 X99.992 Y128.302 E207.89451
G1 X97.205 Y127.501 E207.99578
G1 X94.332 Y126.412 E208.10308
G1 X91.61 Y124.801 E208.21353
G1 X89.506 Y122.475 E208.32308
G1 X88.406 Y119.537 E208.43263
G1 X88.225 Y116.379 E208.54309
G1 X88.578 Y113.328 E208.65038
G1 X89.146 Y110.484 E208.75165
G1 X89.77 Y107.813 E208.84745
G1 X90.397 Y105.232 E208.94020
G1 X91.026 Y102.651 E209.03296
G1 X91.698 Y99.992 E209.12875
G1 X92.499 Y97.205 E209.23003
G1 X93.588 Y94.332 E209.33732
G1 X95.199 Y91.61 E209.44778
G1 X97.525 Y89.506 E209.55733
G1 X100.463 Y88.406 E209.66687
G1 X103.621 Y88.225 E209.77733
G1 X106.672 Y88.578 E209.88463
G1 X109.516 Y89.146 E209.98590
G1 X112.187 Y89.77 E210.08170
G1 X114.768 Y90.397 E210.17445
G1 X117.349 Y91.026 E210.26720
G1 X120.008 Y91.698 E210.36300
G1 X122.795 Y92.499 E210.46427
G1 X125.668 Y93.588 E210.57157
G1 X128.39 Y95.199 E210.68203
G1 X130.494 Y97.525 E210.79157
G1 X131.594 Y100.463 E210.90112
G1 X131.775 Y103.621 E211.01158
G1 X131.422 Y106.672 E211.11887
G1 X130.854 Y109.516 E211.22015
G1 X130.23 Y112.187 E211.31595
G1 X129.603 Y114.768 E211.40870
G1 E210.60870 F2400
;LAYER_CHANGE
;Z:4
G1 Z4.4 F3000
G0 X130.088 Y115.169 F9000
G1 Z4 F3000
G1 E211.40870 F2400
G1 X130.088 Y115.169 F1800
G1 X129.406 Y117.813 E211.50406
G1 X128.679 Y120.538 E211.60256
G1 X127.818 Y123.393 E211.70668
G1 X126.659 Y126.331 E211.81699
G1 X124.966 Y129.108 E211.93056
G1 X122.546 Y131.239 E212.04319
G1 X119.511 Y132.33 E212.15582
G1 X116.262 Y132.473 E212.26939
G1 X113.129 Y132.069 E212.37971
G1 X110.213 Y131.446 E212.48383
G1 X107.476 Y130.767 E212.58233
G1 X104.831 Y130.088 E212.67769
G1 X102.187 Y129.406 E212.77305
G1 X99.462 Y128.679 E212.87155
G1 X96.607 Y127.818 E212.97567
G1 X93.669 Y126.659 E213.08598
G1 X90.892 Y124.966 E213.19955
G1 X88.761 Y122.546 E213.31218
G1 X87.67 Y119.511 E213.42481
G1 X87.527 Y116.262 E213.53838
G1 X87.931 Y113.129 E213.64870
G1 X88.554 Y110.213 E213.75282
G1 X89.233 Y107.476 E213.85132
G1 X89.912 Y104.831 E213.94668
G1 X90.594 Y102.187 E214.04204
G1 X91.321 Y99.462 E214.14054
G1 X92.182 Y96.607 E214.24466
G1 X93.341 Y93.669 E214.35498
G1 X95.034 Y90.892 E214.46854
G1 X97.454 Y88.761 E214.58117
G1 X100.489 Y87.67 E214.69380
G1 X103.738 Y87.527 E214.80737
G1 X106.871 Y87.931 E214.91769
G1 X109.787 Y88.554 E215.02181
G1 X112.524 Y89.233 E215.12031
G1 X115.169 Y89.912 E215.21567
G1 X117.813 Y90.594 E215.31103
G1 X120.538 Y91.321 E215.40953
G1 X123.393 Y92.182 E215.51365
G1 X126.331 Y93.341 E215.62397
G1 X129.108 Y95.034 E215.73753
G1 X131.239 Y97.454 E215.85016
G1 X132.33 Y100.489 E215.96279
G1 X132.473 Y103.738 E216.07636
G1 X132.069 Y106.871 E216.18668
G1 X131.446 Y109.787 E216.29080
G1 X130.767 Y112.524 E216.38930
G1 X130.088 Y115.169 E216.48466
G1 X129.653 Y115.057 F1800
G1 X128.985 Y117.644 E216.57795
G1 X128.274 Y120.31 E216.67431
G1 X127.431 Y123.102 E216.77618
G1 X126.298 Y125.977 E216.88410
G1 X124.641 Y128.693 E216.99520
G1 X122.273 Y130.778 E217.10539
G1 X119.304 Y131.845 E217.21558
G1 X116.126 Y131.985 E217.32668
G1 X113.061 Y131.59 E217.43460
G1 X110.209 Y130.981 E217.53647
G1 X107.53 Y130.317 E217.63283
G1 X104.943 Y129.653 E217.72612
G1 X102.356 Y128.985 E217.81941
G1 X99.69 Y128.274 E217.91577
G1 X96.898 Y127.431 E218.01764
G1 X94.023 Y126.298 E218.12556
G1 X91.307 Y124.641 E218.23666
G1 X89.222 Y122.273 E218.34685
G1 X88.155 Y119.304 E218.45704
G1 X88.015 Y116.126 E218.56814
G1 X88.41 Y113.061 E218.67606
G1 X89.019 Y110.209 E218.77793
G1 X89.683 Y107.53 E218.87429
G1 X90.347 Y104.943 E218.96758
G1 X91.015 Y102.356 E219.06087
G1 X91.726 Y99.69 E219.15723
G1 X92.569 Y96.898 E219.25910
G1 X93.702 Y94.023 E219.36702
G1 X95.359 Y91.307 E219.47812
G1 X97.727 Y89.222 E219.58831
G1 X100.696 Y88.155 E219.69850
G1 X103.874 Y88.015 E219.80960
G1 X106.939 Y88.41 E219.91752
G1 X109.791 Y89.019 E220.01939
G1 X112.47 Y89.683 E220.11575
G1 X115.057 Y90.347 E220.20904
G1 X117.644 Y91.015 E220.30234
G1 X120.31 Y91.726 E220.39869
G1 X123.102 Y92.569 E220.50056
G1 X125.977 Y93.702 E220.60848
G1 X128.693 Y95.359 E220.71958
G1 X130.778 Y97.727 E220.82977
G1 X131.845 Y100.696 E220.93996
G1 X131.985 Y103.874 E221.05106
G1 X131.59 Y106.939 E221.15898
G1 X130.981 Y109.791 E221.26085
G1 X130.317 Y112.47 E221.35721
G1 X129.653 Y115.057 E221.45050
G1 E220.65050 F2400
;LAYER_CHANGE
;Z:4.2
G1 Z4.6 F3000
G0 X130.128 Y115.465 F9000
G1 Z4.2 F3000
G1 E221.45050 F2400
G1 X130.128 Y115.465 F1800
G1 X129.407 Y118.114 E221.54639
G1 X128.639 Y120.844 E221.64542
G1 X127.735 Y123.702 E221.75012
G1 X126.531 Y126.641 E221.86103
G1 X124.792 Y129.41 E221.97522
G1 X122.33 Y131.521 E222.08847
G1 X119.264 Y132.577 E222.20172
G1 X115.996 Y132.678 E222.31591
G1 X112.852 Y132.23 E222.42683
G1 X109.929 Y131.564 E222.53152
G1 X107.185 Y130.846 E222.63056
G1 X104.535 Y130.128 E222.72644
G1 X101.886 Y129.407 E222.82233
G1 X99.156 Y128.639 E222.92136
G1 X96.298 Y127.735 E223.02606
G1 X93.359 Y126.531 E223.13697
G1 X90.59 Y124.792 E223.25116
G1 X88.479 Y122.33 E223.36441
G1 X87.423 Y119.264 E223.47766
G1 X87.322 Y115.996 E223.59185
G1 X87.77 Y112.852 E223.70277
G1 X88.436 Y109.929 E223.80746
G1 X89.154 Y107.185 E223.90650
G1 X89.872 Y104.535 E224.00238
G1 X90.593 Y101.886 E224.09827
G1 X91.361 Y99.156 E224.19730
G1 X92.265 Y96.298 E224.30200
G1 X93.469 Y93.359 E224.41291
G1 X95.208 Y90.59 E224.52710
G1 X97.67 Y88.479 E224.64035
G1 X100.736 Y87.423 E224.75360
G1 X104.004 Y87.322 E224.86779
G1 X107.148 Y87.77 E224.97871
G1 X110.071 Y88.436 E225.08340
G1 X112.815 Y89.154 E225.18244
G1 X115.465 Y89.872 E225.27832
G1 X118.114 Y90.593 E225.37420
G1 X120.844 Y91.361 E225.47324
G1 X123.702 Y92.265 E225.57793
G1 X126.641 Y93.469 E225.68885
G1 X129.41 Y95.208 E225.80304
G1 X131.521 Y97.67 E225.91629
G1 X132.577 Y100.736 E226.02954
G1 X132.678 Y104.004 E226.14373
G1 X132.23 Y107.148 E226.25465
G1 X131.564 Y110.071 E226.35934
G1 X130.846 Y112.815 E226.45837
G1 X130.128 Y115.465 E226.55426
G1 X129.693 Y115.347 F1800
G1 X128.988 Y117.939 E226.64808
G1 X128.237 Y120.61 E226.74497
G1 X127.352 Y123.407 E226.84741
G1 X126.175 Y126.282 E226.95593
G1 X124.473 Y128.991 E227.06766
G1 X122.064 Y131.056 E227.17846
G1 X119.064 Y132.09 E227.28927
G1 X115.867 Y132.188 E227.40099
G1 X112.79 Y131.75 E227.50952
G1 X109.93 Y131.099 E227.61195
G1 X107.246 Y130.396 E227.70885
G1 X104.653 Y129.693 E227.80267
G1 X102.061 Y128.988 E227.89648
G1 X99.39 Y128.237 E227.99338
G1 X96.593 Y127.352 E228.09582
G1 X93.718 Y126.175 E228.20434
G1 X91.009 Y124.473 E228.31607
G1 X88.944 Y122.064 E228.42687
G1 X87.91 Y119.064 E228.53768
G1 X87.812 Y115.867 E228.64940
G1 X88.25 Y112.79 E228.75793
G1 X88.901 Y109.93 E228.86036
G1 X89.604 Y107.246 E228.95726
G1 X90.307 Y104.653 E229.05108
G1 X91.012 Y102.061 E229.14489
G1 X91.763 Y99.39 E229.24179
G1 X92.648 Y96.593 E229.34423
G1 X93.825 Y93.718 E229.45275
G1 X95.527 Y91.009 E229.56448
G1 X97.936 Y88.944 E229.67528
G1 X100.936 Y87.91 E229.78609
G1 X104.133 Y87.812 E229.89781
G1 X107.21 Y88.25 E230.00634
G1 X110.07 Y88.901 E230.10877
G1 X112.754 Y89.604 E230.20567
G1 X115.347 Y90.307 E230.29949
G1 X117.939 Y91.012 E230.39330
G1 X120.61 Y91.763 E230.49020
G1 X123.407 Y92.648 E230.59264
G1 X126.282 Y93.825 E230.70116
G1 X128.991 Y95.527 E230.81289
G1 X131.056 Y97.936 E230.92369
G1 X132.09 Y100.936 E231.03450
G1 X132.188 Y104.133 E231.14622
G1 X131.75 Y107.21 E231.25475
G1 X131.099 Y110.07 E231.35718
G1 X130.396 Y112.754 E231.45408
G1 X129.693 Y115.347 E231.54790
G1 E230.74790 F2400
;LAYER_CHANGE
;Z:4.4
G1 Z4.8 F3000
G0 X130.158 Y115.761 F9000
G1 Z4.4 F3000
G1 E231.54790 F2400
G1 X130.158 Y115.761 F1800
G1 X129.398 Y118.414 E231.64428
G1 X128.591 Y121.148 E231.74384
G1 X127.644 Y124.009 E231.84908
G1 X126.395 Y126.947 E231.96058
G1 X124.609 Y129.707 E232.07536
G1 X122.107 Y131.796 E232.18920
G1 X119.011 Y132.816 E232.30304
G1 X115.725 Y132.874 E232.41783
G1 X112.57 Y132.382 E232.52933
G1 X109.641 Y131.674 E232.63457
G1 X106.893 Y130.915 E232.73412
G1 X104.239 Y130.158 E232.83051
G1 X101.586 Y129.398 E232.92689
G1 X98.852 Y128.591 E233.02645
G1 X95.991 Y127.644 E233.13169
G1 X93.053 Y126.395 E233.24319
G1 X90.293 Y124.609 E233.35798
G1 X88.204 Y122.107 E233.47181
G1 X87.184 Y119.011 E233.58565
G1 X87.126 Y115.725 E233.70044
G1 X87.618 Y112.57 E233.81194
G1 X88.326 Y109.641 E233.91718
G1 X89.085 Y106.893 E234.01673
G1 X89.842 Y104.239 E234.11312
G1 X90.602 Y101.586 E234.20951
G1 X91.409 Y98.852 E234.30906
G1 X92.356 Y95.991 E234.41430
G1 X93.605 Y93.053 E234.52580
G1 X95.391 Y90.293 E234.64059
G1 X97.893 Y88.204 E234.75443
G1 X100.989 Y87.184 E234.86827
G1 X104.275 Y87.126 E234.98305
G1 X107.43 Y87.618 E235.09455
G1 X110.359 Y88.326 E235.19979
G1 X113.107 Y89.085 E235.29935
G1 X115.761 Y89.842 E235.39573
G1 X118.414 Y90.602 E235.49212
G1 X121.148 Y91.409 E235.59167
G1 X124.009 Y92.356 E235.69691
G1 X126.947 Y93.605 E235.80841
G1 X129.707 Y95.391 E235.92320
G1 X131.796 Y97.893 E236.03704
G1 X132.816 Y100.989 E236.15088
G1 X132.874 Y104.275 E236.26566
G1 X132.382 Y107.43 E236.37716
G1 X131.674 Y110.359 E236.48240
G1 X130.915 Y113.107 E236.58196
G1 X130.158 Y115.761 E236.67834
G1 X129.726 Y115.637 F1800
G1 X128.982 Y118.234 E236.77266
G1 X128.192 Y120.909 E236.87008
G1 X127.265 Y123.708 E236.97306
G1 X126.043 Y126.583 E237.08217
G1 X124.296 Y129.284 E237.19449
G1 X121.847 Y131.328 E237.30588
G1 X118.818 Y132.327 E237.41728
G1 X115.602 Y132.383 E237.52960
G1 X112.515 Y131.901 E237.63871
G1 X109.649 Y131.209 E237.74169
G1 X106.96 Y130.466 E237.83911
G1 X104.363 Y129.726 E237.93343
G1 X101.766 Y128.982 E238.02774
G1 X99.091 Y128.192 E238.12516
G1 X96.292 Y127.265 E238.22814
G1 X93.417 Y126.043 E238.33725
G1 X90.716 Y124.296 E238.44957
G1 X88.672 Y121.847 E238.56097
G1 X87.673 Y118.818 E238.67236
G1 X87.617 Y115.602 E238.78469
G1 X88.099 Y112.515 E238.89379
G1 X88.791 Y109.649 E238.99677
G1 X89.534 Y106.96 E239.09419
G1 X90.274 Y104.363 E239.18851
G1 X91.018 Y101.766 E239.28282
G1 X91.808 Y99.091 E239.38024
G1 X92.735 Y96.292 E239.48322
G1 X93.957 Y93.417 E239.59233
G1 X95.704 Y90.716 E239.70465
G1 X98.153 Y88.672 E239.81605
G1 X101.182 Y87.673 E239.92744
G1 X104.398 Y87.617 E240.03977
G1 X107.485 Y88.099 E240.14887
G1 X110.351 Y88.791 E240.25186
G1 X113.04 Y89.534 E240.34927
G1 X115.637 Y90.274 E240.44359
G1 X118.234 Y91.018 E240.53791
G1 X120.909 Y91.808 E240.63532
G1 X123.708 Y92.735 E240.73831
G1 X126.583 Y93.957 E240.84741
G1 X129.284 Y95.704 E240.95973
G1 X131.328 Y98.153 E241.07113
G1 X132.327 Y101.182 E241.18253
G1 X132.383 Y104.398 E241.29485
G1 X131.901 Y107.485 E241.40395
G1 X131.209 Y110.351 E241.50694
G1 X130.466 Y113.04 E241.60435
G1 X129.726 Y115.637 E241.69867
G1 E240.89867 F2400
;LAYER_CHANGE
;Z:4.6
G1 Z5 F3000
G0 X130.18 Y116.058 F9000
G1 Z4.6 F3000
G1 E241.69867 F2400
G1 X130.18 Y116.058 F1800
G1 X129.381 Y118.714 E241.79554
G1 X128.533 Y121.45 E241.89559
G1 X127.543 Y124.313 E242.00135
G1 X126.249 Y127.248 E242.11341
G1 X124.418 Y129.998 E242.22876
G1 X121.876 Y132.063 E242.34317
G1 X118.751 Y133.048 E242.45758
G1 X115.448 Y133.062 E242.57293
G1 X112.285 Y132.525 E242.68499
G1 X109.35 Y131.775 E242.79075
G1 X106.599 Y130.976 E242.89080
G1 X103.942 Y130.18 E242.98767
G1 X101.286 Y129.381 E243.08453
G1 X98.55 Y128.533 E243.18458
G1 X95.687 Y127.543 E243.29035
G1 X92.752 Y126.249 E243.40240
G1 X90.002 Y124.418 E243.51776
G1 X87.937 Y121.876 E243.63217
G1 X86.952 Y118.751 E243.74657
G1 X86.938 Y115.448 E243.86193
G1 X87.475 Y112.285 E243.97399
G1 X88.225 Y109.35 E244.07975
G1 X89.024 Y106.599 E244.17980
G1 X89.82 Y103.942 E244.27667
G1 X90.619 Y101.286 E244.37353
G1 X91.467 Y98.55 E244.47358
G1 X92.457 Y95.687 E244.57935
G1 X93.751 Y92.752 E244.69140
G1 X95.582 Y90.002 E244.80676
G1 X98.124 Y87.937 E244.92116
G1 X101.249 Y86.952 E245.03557
G1 X104.552 Y86.938 E245.15093
G1 X107.715 Y87.475 E245.26298
G1 X110.65 Y88.225 E245.36875
G1 X113.401 Y89.024 E245.46880
G1 X116.058 Y89.82 E245.56566
G1 X118.714 Y90.619 E245.66253
G1 X121.45 Y91.467 E245.76258
G1 X124.313 Y92.457 E245.86834
G1 X127.248 Y93.751 E245.98040
G1 X129.998 Y95.582 E246.09576
G1 X132.063 Y98.124 E246.21016
G1 X133.048 Y101.249 E246.32457
G1 X133.062 Y104.552 E246.43993
G1 X132.525 Y107.715 E246.55198
G1 X131.775 Y110.65 E246.65775
G1 X130.976 Y113.401 E246.75779
G1 X130.18 Y116.058 E246.85466
G1 X129.749 Y115.928 F1800
G1 X128.967 Y118.528 E246.94946
G1 X128.137 Y121.206 E247.04737
G1 X127.169 Y124.007 E247.15088
G1 X125.902 Y126.88 E247.26054
G1 X124.11 Y129.571 E247.37343
G1 X121.622 Y131.592 E247.48539
G1 X118.564 Y132.556 E247.59736
G1 X115.332 Y132.57 E247.71025
G1 X112.236 Y132.044 E247.81991
G1 X109.364 Y131.31 E247.92342
G1 X106.672 Y130.528 E248.02133
G1 X104.072 Y129.749 E248.11613
G1 X101.472 Y128.967 E248.21092
G1 X98.794 Y128.137 E248.30884
G1 X95.993 Y127.169 E248.41234
G1 X93.12 Y125.902 E248.52200
G1 X90.429 Y124.11 E248.63490
G1 X88.408 Y121.622 E248.74686
G1 X87.444 Y118.564 E248.85882
G1 X87.43 Y115.332 E248.97172
G1 X87.956 Y112.236 E249.08138
G1 X88.69 Y109.364 E249.18489
G1 X89.472 Y106.672 E249.28280
G1 X90.251 Y104.072 E249.37759
G1 X91.033 Y101.472 E249.47239
G1 X91.863 Y98.794 E249.57030
G1 X92.831 Y95.993 E249.67381
G1 X94.098 Y93.12 E249.78347
G1 X95.89 Y90.429 E249.89637
G1 X98.378 Y88.408 E250.00833
G1 X101.436 Y87.444 E250.12029
G1 X104.668 Y87.43 E250.23319
G1 X107.764 Y87.956 E250.34285
G1 X110.636 Y88.69 E250.44635
G1 X113.328 Y89.472 E250.54427
G1 X115.928 Y90.251 E250.63906
G1 X118.528 Y91.033 E250.73386
G1 X121.206 Y91.863 E250.83177
G1 X124.007 Y92.831 E250.93528
G1 X126.88 Y94.098 E251.04494
G1 X129.571 Y95.89 E251.15783
G1 X131.592 Y98.378 E251.26980
G1 X132.556 Y101.436 E251.38176
G1 X132.57 Y104.668 E251.49465
G1 X132.044 Y107.764 E251.60431
G1 X131.31 Y110.636 E251.70782
G1 X130.528 Y113.328 E251.80573
G1 X129.749 Y115.928 E251.90053
G1 E251.10053 F2400
;LAYER_CHANGE
;Z:4.8
G1 Z5.2 F3000
G0 X130.193 Y116.355 F9000
G1 Z4.8 F3000
G1 E251.90053 F2400
G1 X130.193 Y116.355 F1800
G1 X129.355 Y119.012 E251.99785
G1 X128.467 Y121.75 E252.09837
G1 X127.434 Y124.612 E252.20464
G1 X126.095 Y127.545 E252.31722
G1 X124.219 Y130.283 E252.43313
G1 X121.637 Y132.324 E252.54807
G1 X118.485 Y133.271 E252.66302
G1 X115.166 Y133.242 E252.77892
G1 X111.995 Y132.66 E252.89151
G1 X109.057 Y131.868 E252.99777
G1 X106.304 Y131.028 E253.09829
G1 X103.645 Y130.193 E253.19562
G1 X100.988 Y129.355 E253.29294
G1 X98.25 Y128.467 E253.39346
G1 X95.388 Y127.434 E253.49973
G1 X92.455 Y126.095 E253.61231
G1 X89.717 Y124.219 E253.72821
G1 X87.676 Y121.637 E253.84316
G1 X86.729 Y118.485 E253.95811
G1 X86.758 Y115.166 E254.07401
G1 X87.34 Y111.995 E254.18659
G1 X88.132 Y109.057 E254.29286
G1 X88.972 Y106.304 E254.39338
G1 X89.807 Y103.645 E254.49070
G1 X90.645 Y100.988 E254.58802
G1 X91.533 Y98.25 E254.68855
G1 X92.566 Y95.388 E254.79481
G1 X93.905 Y92.455 E254.90739
G1 X95.781 Y89.717 E255.02330
G1 X98.363 Y87.676 E255.13824
G1 X101.515 Y86.729 E255.25319
G1 X104.834 Y86.758 E255.36909
G1 X108.005 Y87.34 E255.48168
G1 X110.943 Y88.132 E255.58794
G1 X113.696 Y88.972 E255.68846
G1 X116.355 Y89.807 E255.78579
G1 X119.012 Y90.645 E255.88311
G1 X121.75 Y91.533 E255.98363
G1 X124.612 Y92.566 E256.08990
G1 X127.545 Y93.905 E256.20248
G1 X130.283 Y95.781 E256.31838
G1 X132.324 Y98.363 E256.43333
G1 X133.271 Y101.515 E256.54828
G1 X133.242 Y104.834 E256.66418
G1 X132.66 Y108.005 E256.77676
G1 X131.868 Y110.943 E256.88303
G1 X131.028 Y113.696 E256.98355
G1 X130.193 Y116.355 E257.08087
G1 X129.764 Y116.22 F1800
G1 X128.944 Y118.821 E257.17613
G1 X128.074 Y121.5 E257.27451
G1 X127.063 Y124.302 E257.37852
G1 X125.753 Y127.172 E257.48871
G1 X123.916 Y129.851 E257.60215
G1 X121.389 Y131.849 E257.71465
G1 X118.304 Y132.777 E257.82715
G1 X115.056 Y132.748 E257.94059
G1 X111.953 Y132.179 E258.05078
G1 X109.077 Y131.403 E258.15479
G1 X106.383 Y130.581 E258.25317
G1 X103.78 Y129.764 E258.34843
G1 X101.179 Y128.944 E258.44368
G1 X98.5 Y128.074 E258.54207
G1 X95.698 Y127.063 E258.64607
G1 X92.828 Y125.753 E258.75626
G1 X90.149 Y123.916 E258.86970
G1 X88.151 Y121.389 E258.98221
G1 X87.223 Y118.304 E259.09471
G1 X87.252 Y115.056 E259.20815
G1 X87.821 Y111.953 E259.31834
G1 X88.597 Y109.077 E259.42235
G1 X89.419 Y106.383 E259.52073
G1 X90.236 Y103.78 E259.61598
G1 X91.056 Y101.179 E259.71124
G1 X91.926 Y98.5 E259.80962
G1 X92.937 Y95.698 E259.91363
G1 X94.247 Y92.828 E260.02382
G1 X96.084 Y90.149 E260.13726
G1 X98.611 Y88.151 E260.24976
G1 X101.696 Y87.223 E260.36227
G1 X104.944 Y87.252 E260.47571
G1 X108.047 Y87.821 E260.58590
G1 X110.923 Y88.597 E260.68990
G1 X113.617 Y89.419 E260.78829
G1 X116.22 Y90.236 E260.88354
G1 X118.821 Y91.056 E260.97880
G1 X121.5 Y91.926 E261.07718
G1 X124.302 Y92.937 E261.18119
G1 X127.172 Y94.247 E261.29138
G1 X129.851 Y96.084 E261.40482
G1 X131.849 Y98.611 E261.51732
G1 X132.777 Y101.696 E261.62982
G1 X132.748 Y104.944 E261.74326
G1 X132.179 Y108.047 E261.85345
G1 X131.403 Y110.923 E261.95746
G1 X130.581 Y113.617 E262.05584
G1 X129.764 Y116.22 E262.15110
G1 E261.35110 F2400
;LAYER_CHANGE
;Z:5
G1 Z5.4 F3000
G0 X130.197 Y116.651 F9000
G1 Z5 F3000
G1 E262.15110 F2400
G1 X130.197 Y116.651 F1800
G1 X129.32 Y119.31 E262.24885
G1 X128.391 Y122.048 E262.34982
G1 X127.316 Y124.909 E262.45656
G1 X125.932 Y127.836 E262.56965
G1 X124.011 Y130.561 E262.68607
G1 X121.39 Y132.577 E262.80153
G1 X118.212 Y133.486 E262.91699
G1 X114.879 Y133.412 E263.03341
G1 X111.702 Y132.786 E263.14650
G1 X108.762 Y131.951 E263.25324
G1 X106.008 Y131.071 E263.35421
G1 X103.349 Y130.197 E263.45196
G1 X100.69 Y129.32 E263.54972
G1 X97.952 Y128.391 E263.65069
G1 X95.091 Y127.316 E263.75743
G1 X92.164 Y125.932 E263.87052
G1 X89.439 Y124.011 E263.98694
G1 X87.423 Y121.39 E264.10240
G1 X86.514 Y118.212 E264.21786
G1 X86.588 Y114.879 E264.33428
G1 X87.214 Y111.702 E264.44736
G1 X88.049 Y108.762 E264.55410
G1 X88.929 Y106.008 E264.65507
G1 X89.803 Y103.349 E264.75283
G1 X90.68 Y100.69 E264.85059
G1 X91.609 Y97.952 E264.95156
G1 X92.684 Y95.091 E265.05830
G1 X94.068 Y92.164 E265.17139
G1 X95.989 Y89.439 E265.28781
G1 X98.61 Y87.423 E265.40327
G1 X101.788 Y86.514 E265.51873
G1 X105.121 Y86.588 E265.63515
G1 X108.298 Y87.214 E265.74823
G1 X111.238 Y88.049 E265.85497
G1 X113.992 Y88.929 E265.95594
G1 X116.651 Y89.803 E266.05370
G1 X119.31 Y90.68 E266.15146
G1 X122.048 Y91.609 E266.25243
G1 X124.909 Y92.684 E266.35917
G1 X127.836 Y94.068 E266.47225
G1 X130.561 Y95.989 E266.58867
G1 X132.577 Y98.61 E266.70413
G1 X133.486 Y101.788 E266.81959
G1 X133.412 Y105.121 E266.93601
G1 X132.786 Y108.298 E267.04910
G1 X131.951 Y111.238 E267.15584
G1 X131.071 Y113.992 E267.25681
G1 X130.197 Y116.651 E267.35457
G1 X129.769 Y116.511 F1800
G1 X128.911 Y119.113 E267.45026
G1 X128.002 Y121.793 E267.54909
G1 X126.949 Y124.593 E267.65357
G1 X125.594 Y127.458 E267.76426
G1 X123.714 Y130.125 E267.87822
G1 X121.149 Y132.099 E267.99124
G1 X118.038 Y132.989 E268.10425
G1 X114.776 Y132.917 E268.21821
G1 X111.666 Y132.304 E268.32890
G1 X108.788 Y131.486 E268.43338
G1 X106.092 Y130.625 E268.53222
G1 X103.489 Y129.769 E268.62791
G1 X100.887 Y128.911 E268.72360
G1 X98.207 Y128.002 E268.82243
G1 X95.407 Y126.949 E268.92691
G1 X92.542 Y125.594 E269.03760
G1 X89.875 Y123.714 E269.15156
G1 X87.901 Y121.149 E269.26457
G1 X87.011 Y118.038 E269.37759
G1 X87.083 Y114.776 E269.49155
G1 X87.696 Y111.666 E269.60224
G1 X88.514 Y108.788 E269.70672
G1 X89.375 Y106.092 E269.80555
G1 X90.231 Y103.489 E269.90124
G1 X91.089 Y100.887 E269.99693
G1 X91.998 Y98.207 E270.09577
G1 X93.051 Y95.407 E270.20025
G1 X94.406 Y92.542 E270.31094
G1 X96.286 Y89.875 E270.42490
G1 X98.851 Y87.901 E270.53791
G1 X101.962 Y87.011 E270.65093
G1 X105.224 Y87.083 E270.76489
G1 X108.334 Y87.696 E270.87558
G1 X111.212 Y88.514 E270.98006
G1 X113.908 Y89.375 E271.07889
G1 X116.511 Y90.231 E271.17458
G1 X119.113 Y91.089 E271.27027
G1 X121.793 Y91.998 E271.36910
G1 X124.593 Y93.051 E271.47359
G1 X127.458 Y94.406 E271.58428
G1 X130.125 Y96.286 E271.69823
G1 X132.099 Y98.851 E271.81125
G1 X132.989 Y101.962 E271.92427
G1 X132.917 Y105.224 E272.03822
G1 X132.304 Y108.334 E272.14892
G1 X131.486 Y111.212 E272.25340
G1 X130.625 Y113.908 E272.35223
G1 X129.769 Y116.511 E272.44792
G1 E271.64792 F2400
;LAYER_CHANGE
;Z:5.2
G1 Z5.6 F3000
G0 X130.191 Y116.947 F9000
G1 Z5.2 F3000
G1 E272.44792 F2400
G1 X130.191 Y116.947 F1800
G1 X129.275 Y119.605 E272.54609
G1 X128.306 Y122.342 E272.64748
G1 X127.189 Y125.2 E272.75467
G1 X125.76 Y128.121 E272.86823
G1 X123.795 Y130.832 E272.98514
G1 X121.137 Y132.821 E273.10109
G1 X117.933 Y133.692 E273.21703
G1 X114.588 Y133.573 E273.33394
G1 X111.406 Y132.902 E273.44750
G1 X108.465 Y132.025 E273.55469
G1 X105.711 Y131.104 E273.65609
G1 X103.053 Y130.191 E273.75425
G1 X100.395 Y129.275 E273.85242
G1 X97.658 Y128.306 E273.95382
G1 X94.8 Y127.189 E274.06101
G1 X91.879 Y125.76 E274.17457
G1 X89.168 Y123.795 E274.29148
G1 X87.179 Y121.137 E274.40742
G1 X86.308 Y117.933 E274.52337
G1 X86.427 Y114.588 E274.64028
G1 X87.098 Y111.406 E274.75384
G1 X87.975 Y108.465 E274.86103
G1 X88.896 Y105.711 E274.96242
G1 X89.809 Y103.053 E275.06059
G1 X90.725 Y100.395 E275.15876
G1 X91.694 Y97.658 E275.26015
G1 X92.811 Y94.8 E275.36734
G1 X94.24 Y91.879 E275.48090
G1 X96.205 Y89.168 E275.59781
G1 X98.863 Y87.179 E275.71376
G1 X102.067 Y86.308 E275.82970
G1 X105.412 Y86.427 E275.94661
G1 X108.594 Y87.098 E276.06017
G1 X111.535 Y87.975 E276.16736
G1 X114.289 Y88.896 E276.26875
G1 X116.947 Y89.809 E276.36692
G1 X119.605 Y90.725 E276.46509
G1 X122.342 Y91.694 E276.56649
G1 X125.2 Y92.811 E276.67367
G1 X128.121 Y94.24 E276.78723
G1 X130.832 Y96.205 E276.90414
G1 X132.821 Y98.863 E277.02009
G1 X133.692 Y102.067 E277.13603
G1 X133.573 Y105.412 E277.25294
G1 X132.902 Y108.594 E277.36650
G1 X132.025 Y111.535 E277.47369
G1 X131.104 Y114.289 E277.57509
G1 X130.191 Y116.947 E277.67326
G1 X129.766 Y116.801 F1800
G1 X128.869 Y119.403 E277.76936
G1 X127.921 Y122.082 E277.86861
G1 X126.826 Y124.88 E277.97354
G1 X125.428 Y127.739 E278.08471
G1 X123.504 Y130.393 E278.19916
G1 X120.902 Y132.34 E278.31266
G1 X117.766 Y133.193 E278.42616
G1 X114.491 Y133.077 E278.54061
G1 X111.376 Y132.42 E278.65177
G1 X108.497 Y131.561 E278.75670
G1 X105.801 Y130.66 E278.85596
G1 X103.199 Y129.766 E278.95206
G1 X100.597 Y128.869 E279.04816
G1 X97.918 Y127.921 E279.14742
G1 X95.12 Y126.826 E279.25235
G1 X92.261 Y125.428 E279.36351
G1 X89.607 Y123.504 E279.47796
G1 X87.66 Y120.902 E279.59146
G1 X86.807 Y117.766 E279.70496
G1 X86.923 Y114.491 E279.81941
G1 X87.58 Y111.376 E279.93058
G1 X88.439 Y108.497 E280.03551
G1 X89.34 Y105.801 E280.13476
G1 X90.234 Y103.199 E280.23086
G1 X91.131 Y100.597 E280.32696
G1 X92.079 Y97.918 E280.42622
G1 X93.174 Y95.12 E280.53115
G1 X94.572 Y92.261 E280.64232
G1 X96.496 Y89.607 E280.75677
G1 X99.098 Y87.66 E280.87027
G1 X102.234 Y86.807 E280.98377
G1 X105.509 Y86.923 E281.09821
G1 X108.624 Y87.58 E281.20938
G1 X111.503 Y88.439 E281.31431
G1 X114.199 Y89.34 E281.41357
G1 X116.801 Y90.234 E281.50967
G1 X119.403 Y91.131 E281.60577
G1 X122.082 Y92.079 E281.70503
G1 X124.88 Y93.174 E281.80996
G1 X127.739 Y94.572 E281.92112
G1 X130.393 Y96.496 E282.03557
G1 X132.34 Y99.098 E282.14907
G1 X133.193 Y102.234 E282.26257
G1 X133.077 Y105.509 E282.37702
G1 X132.42 Y108.624 E282.48819
G1 X131.561 Y111.503 E282.59312
G1 X130.66 Y114.199 E282.69237
G1 X129.766 Y116.801 E282.78847
G1 E281.98847 F2400
;LAYER_CHANGE
;Z:5.4
G1 Z5.8 F3000
G0 X130.177 Y117.243 F9000
G1 Z5.4 F3000
G1 E282.78847 F2400
G1 X130.177 Y117.243 F1800
G1 X129.222 Y119.898 E282.88703
G1 X128.213 Y122.633 E282.98882
G1 X127.052 Y125.488 E283.09643
G1 X125.579 Y128.401 E283.21044
G1 X123.571 Y131.095 E283.32781
G1 X120.876 Y133.057 E283.44421
G1 X117.648 Y133.889 E283.56061
G1 X114.292 Y133.725 E283.67798
G1 X111.106 Y133.009 E283.79199
G1 X108.166 Y132.089 E283.89960
G1 X105.414 Y131.129 E284.00139
G1 X102.757 Y130.177 E284.09995
G1 X100.102 Y129.222 E284.19850
G1 X97.367 Y128.213 E284.30030
G1 X94.512 Y127.052 E284.40791
G1 X91.599 Y125.579 E284.52192
G1 X88.905 Y123.571 E284.63929
G1 X86.943 Y120.876 E284.75569
G1 X86.111 Y117.648 E284.87209
G1 X86.275 Y114.292 E284.98946
G1 X86.991 Y111.106 E285.10347
G1 X87.911 Y108.166 E285.21108
G1 X88.871 Y105.414 E285.31287
G1 X89.823 Y102.757 E285.41143
G1 X90.778 Y100.102 E285.50998
G1 X91.787 Y97.367 E285.61177
G1 X92.948 Y94.512 E285.71938
G1 X94.421 Y91.599 E285.83339
G1 X96.429 Y88.905 E285.95076
G1 X99.124 Y86.943 E286.06716
G1 X102.352 Y86.111 E286.18356
G1 X105.708 Y86.275 E286.30093
G1 X108.894 Y86.991 E286.41494
G1 X111.834 Y87.911 E286.52255
G1 X114.586 Y88.871 E286.62435
G1 X117.243 Y89.823 E286.72290
G1 X119.898 Y90.778 E286.82146
G1 X122.633 Y91.787 E286.92325
G1 X125.488 Y92.948 E287.03086
G1 X128.401 Y94.421 E287.14487
G1 X131.095 Y96.429 E287.26224
G1 X133.057 Y99.124 E287.37864
G1 X133.889 Y102.352 E287.49504
G1 X133.725 Y105.708 E287.61241
G1 X133.009 Y108.894 E287.72642
G1 X132.089 Y111.834 E287.83403
G1 X131.129 Y114.586 E287.93582
G1 X130.177 Y117.243 E288.03438
G1 X129.753 Y117.091 F1800
G1 X128.818 Y119.691 E288.13086
G1 X127.83 Y122.368 E288.23052
G1 X126.694 Y125.163 E288.33587
G1 X125.252 Y128.015 E288.44749
G1 X123.286 Y130.653 E288.56239
G1 X120.648 Y132.573 E288.67635
G1 X117.488 Y133.387 E288.79031
G1 X114.201 Y133.227 E288.90521
G1 X111.083 Y132.526 E289.01683
G1 X108.204 Y131.625 E289.12218
G1 X105.51 Y130.685 E289.22184
G1 X102.909 Y129.753 E289.31832
G1 X100.309 Y128.818 E289.41481
G1 X97.632 Y127.83 E289.51447
G1 X94.837 Y126.694 E289.61982
G1 X91.985 Y125.252 E289.73143
G1 X89.347 Y123.286 E289.84634
G1 X87.427 Y120.648 E289.96030
G1 X86.613 Y117.488 E290.07425
G1 X86.773 Y114.201 E290.18916
G1 X87.474 Y111.083 E290.30077
G1 X88.375 Y108.204 E290.40613
G1 X89.315 Y105.51 E290.50578
G1 X90.247 Y102.909 E290.60227
G1 X91.182 Y100.309 E290.69876
G1 X92.17 Y97.632 E290.79841
G1 X93.306 Y94.837 E290.90376
G1 X94.748 Y91.985 E291.01538
G1 X96.714 Y89.347 E291.13028
G1 X99.352 Y87.427 E291.24424
G1 X102.512 Y86.613 E291.35820
G1 X105.799 Y86.773 E291.47311
G1 X108.917 Y87.474 E291.58472
G1 X111.796 Y88.375 E291.69007
G1 X114.49 Y89.315 E291.78973
G1 X117.091 Y90.247 E291.88622
G1 X119.691 Y91.182 E291.98270
G1 X122.368 Y92.17 E292.08236
G1 X125.163 Y93.306 E292.18771
G1 X128.015 Y94.748 E292.29932
G1 X130.653 Y96.714 E292.41423
G1 X132.573 Y99.352 E292.52819
G1 X133.387 Y102.512 E292.64215
G1 X133.227 Y105.799 E292.75705
G1 X132.526 Y108.917 E292.86867
G1 X131.625 Y111.796 E292.97402
G1 X130.685 Y114.49 E293.07368
G1 X129.753 Y117.091 E293.17016
G1 E292.37016 F2400
;LAYER_CHANGE
;Z:5.6
G1 Z6 F3000
G0 X130.153 Y117.537 F9000
G1 Z5.6 F3000
G1 E293.17016 F2400
G1 X130.153 Y117.537 F1800
G1 X129.159 Y120.19 E293.26908
G1 X128.11 Y122.92 E293.37124
G1 X126.907 Y125.77 E293.47925
G1 X125.39 Y128.674 E293.59368
G1 X123.339 Y131.351 E293.71148
G1 X120.608 Y133.284 E293.82830
G1 X117.358 Y134.076 E293.94513
G1 X113.991 Y133.867 E294.06293
G1 X110.804 Y133.106 E294.17736
G1 X107.865 Y132.144 E294.28536
G1 X105.116 Y131.143 E294.38753
G1 X102.463 Y130.153 E294.48645
G1 X99.81 Y129.159 E294.58536
G1 X97.08 Y128.11 E294.68753
G1 X94.23 Y126.907 E294.79554
G1 X91.326 Y125.39 E294.90996
G1 X88.649 Y123.339 E295.02776
G1 X86.716 Y120.608 E295.14459
G1 X85.924 Y117.358 E295.26142
G1 X86.133 Y113.991 E295.37922
G1 X86.894 Y110.804 E295.49364
G1 X87.856 Y107.865 E295.60165
G1 X88.857 Y105.116 E295.70382
G1 X89.847 Y102.463 E295.80273
G1 X90.841 Y99.81 E295.90165
G1 X91.89 Y97.08 E296.00382
G1 X93.093 Y94.23 E296.11182
G1 X94.61 Y91.326 E296.22625
G1 X96.661 Y88.649 E296.34405
G1 X99.392 Y86.716 E296.46088
G1 X102.642 Y85.924 E296.57770
G1 X106.009 Y86.133 E296.69550
G1 X109.196 Y86.894 E296.80993
G1 X112.135 Y87.856 E296.91793
G1 X114.884 Y88.857 E297.02010
G1 X117.537 Y89.847 E297.11902
G1 X120.19 Y90.841 E297.21793
G1 X122.92 Y91.89 E297.32010
G1 X125.77 Y93.093 E297.42811
G1 X128.674 Y94.61 E297.54253
G1 X131.351 Y96.661 E297.66033
G1 X133.284 Y99.392 E297.77716
G1 X134.076 Y102.642 E297.89399
G1 X133.867 Y106.009 E298.01179
G1 X133.106 Y109.196 E298.12621
G1 X132.144 Y112.135 E298.23422
G1 X131.143 Y114.884 E298.33639
G1 X130.153 Y117.537 E298.43530
G1 X129.731 Y117.38 F1800
G1 X128.758 Y119.977 E298.53215
G1 X127.731 Y122.65 E298.63218
G1 X126.554 Y125.44 E298.73793
G1 X125.068 Y128.283 E298.84996
G1 X123.06 Y130.905 E298.96530
G1 X120.386 Y132.797 E299.07968
G1 X117.204 Y133.573 E299.19407
G1 X113.908 Y133.368 E299.30940
G1 X110.788 Y132.623 E299.42143
G1 X107.91 Y131.681 E299.52718
G1 X105.218 Y130.701 E299.62721
G1 X102.62 Y129.731 E299.72406
G1 X100.023 Y128.758 E299.82091
G1 X97.35 Y127.731 E299.92094
G1 X94.56 Y126.554 E300.02668
G1 X91.717 Y125.068 E300.13871
G1 X89.095 Y123.06 E300.25405
G1 X87.203 Y120.386 E300.36844
G1 X86.427 Y117.204 E300.48282
G1 X86.632 Y113.908 E300.59816
G1 X87.377 Y110.788 E300.71019
G1 X88.319 Y107.91 E300.81594
G1 X89.299 Y105.218 E300.91597
G1 X90.269 Y102.62 E301.01281
G1 X91.242 Y100.023 E301.10966
G1 X92.269 Y97.35 E301.20969
G1 X93.446 Y94.56 E301.31544
G1 X94.932 Y91.717 E301.42747
G1 X96.94 Y89.095 E301.54281
G1 X99.614 Y87.203 E301.65719
G1 X102.796 Y86.427 E301.77158
G1 X106.092 Y86.632 E301.88691
G1 X109.212 Y87.377 E301.99895
G1 X112.09 Y88.319 E302.10469
G1 X114.782 Y89.299 E302.20472
G1 X117.38 Y90.269 E302.30157
G1 X119.977 Y91.242 E302.39842
G1 X122.65 Y92.269 E302.49845
G1 X125.44 Y93.446 E302.60419
G1 X128.283 Y94.932 E302.71623
G1 X130.905 Y96.94 E302.83156
G1 X132.797 Y99.614 E302.94595
G1 X133.573 Y102.796 E303.06033
G1 X133.368 Y106.092 E303.17567
G1 X132.623 Y109.212 E303.28770
G1 X131.681 Y112.09 E303.39345
G1 X130.701 Y114.782 E303.49348
G1 X129.731 Y117.38 E303.59033
G1 E302.79033 F2400
;LAYER_CHANGE
;Z:5.8
G1 Z6.2 F3000
G0 X130.119 Y117.83 F9000
G1 Z5.8 F3000
G1 E303.59033 F2400
G1 X130.119 Y117.83 F1800
G1 X129.087 Y120.478 E303.68958
G1 X127.998 Y123.204 E303.79209
G1 X126.754 Y126.047 E303.90046
G1 X125.193 Y128.94 E304.01528
G1 X123.099 Y131.599 E304.13348
G1 X120.334 Y133.502 E304.25070
G1 X117.062 Y134.254 E304.36793
G1 X113.687 Y133.999 E304.48613
G1 X110.5 Y133.193 E304.60094
G1 X107.564 Y132.188 E304.70931
G1 X104.819 Y131.148 E304.81183
G1 X102.17 Y130.119 E304.91108
G1 X99.522 Y129.087 E305.01033
G1 X96.796 Y127.998 E305.11285
G1 X93.953 Y126.754 E305.22122
G1 X91.06 Y125.193 E305.33603
G1 X88.401 Y123.099 E305.45423
G1 X86.498 Y120.334 E305.57146
G1 X85.746 Y117.062 E305.68868
G1 X86.001 Y113.687 E305.80688
G1 X86.807 Y110.5 E305.92170
G1 X87.812 Y107.564 E306.03007
G1 X88.852 Y104.819 E306.13258
G1 X89.881 Y102.17 E306.23183
G1 X90.913 Y99.522 E306.33109
G1 X92.002 Y96.796 E306.43360
G1 X93.246 Y93.953 E306.54197
G1 X94.807 Y91.06 E306.65679
G1 X96.901 Y88.401 E306.77499
G1 X99.666 Y86.498 E306.89221
G1 X102.938 Y85.746 E307.00944
G1 X106.313 Y86.001 E307.12764
G1 X109.5 Y86.807 E307.24245
G1 X112.436 Y87.812 E307.35082
G1 X115.181 Y88.852 E307.45334
G1 X117.83 Y89.881 E307.55259
G1 X120.478 Y90.913 E307.65184
G1 X123.204 Y92.002 E307.75436
G1 X126.047 Y93.246 E307.86273
G1 X128.94 Y94.807 E307.97754
G1 X131.599 Y96.901 E308.09574
G1 X133.502 Y99.666 E308.21297
G1 X134.254 Y102.938 E308.33019
G1 X133.999 Y106.313 E308.44839
G1 X133.193 Y109.5 E308.56321
G1 X132.188 Y112.436 E308.67158
G1 X131.148 Y115.181 E308.77409
G1 X130.119 Y117.83 E308.87334
G1 X129.7 Y117.667 F1800
G1 X128.689 Y120.26 E308.97053
G1 X127.623 Y122.929 E309.07090
G1 X126.404 Y125.712 E309.17702
G1 X124.876 Y128.546 E309.28944
G1 X122.826 Y131.149 E309.40517
G1 X120.118 Y133.012 E309.51996
G1 X116.915 Y133.748 E309.63474
G1 X113.61 Y133.499 E309.75047
G1 X110.489 Y132.71 E309.86290
G1 X107.615 Y131.726 E309.96901
G1 X104.927 Y130.707 E310.06939
G1 X102.333 Y129.7 E310.16657
G1 X99.74 Y128.689 E310.26375
G1 X97.071 Y127.623 E310.36413
G1 X94.288 Y126.404 E310.47024
G1 X91.454 Y124.876 E310.58266
G1 X88.851 Y122.826 E310.69840
G1 X86.988 Y120.118 E310.81318
G1 X86.252 Y116.915 E310.92796
G1 X86.501 Y113.61 E311.04370
G1 X87.29 Y110.489 E311.15612
G1 X88.274 Y107.615 E311.26223
G1 X89.293 Y104.927 E311.36261
G1 X90.3 Y102.333 E311.45979
G1 X91.311 Y99.74 E311.55698
G1 X92.377 Y97.071 E311.65735
G1 X93.596 Y94.288 E311.76347
G1 X95.124 Y91.454 E311.87589
G1 X97.174 Y88.851 E311.99162
G1 X99.882 Y86.988 E312.10641
G1 X103.085 Y86.252 E312.22119
G1 X106.39 Y86.501 E312.33692
G1 X109.511 Y87.29 E312.44935
G1 X112.385 Y88.274 E312.55546
G1 X115.073 Y89.293 E312.65583
G1 X117.667 Y90.3 E312.75302
G1 X120.26 Y91.311 E312.85020
G1 X122.929 Y92.377 E312.95058
G1 X125.712 Y93.596 E313.05669
G1 X128.546 Y95.124 E313.16911
G1 X131.149 Y97.174 E313.28485
G1 X133.012 Y99.882 E313.39963
G1 X133.748 Y103.085 E313.51441
G1 X133.499 Y106.39 E313.63015
G1 X132.71 Y109.511 E313.74257
G1 X131.726 Y112.385 E313.84868
G1 X130.707 Y115.073 E313.94906
G1 X129.7 Y117.667 E314.04624
G1 E313.24624 F2400
;LAYER_CHANGE
;Z:6
G1 Z6.4 F3000
G0 X130.076 Y118.121 F9000
G1 Z6 F3000
G1 E314.04624 F2400
G1 X130.076 Y118.121 F1800
G1 X129.005 Y120.764 E314.14581
G1 X127.877 Y123.483 E314.24864
G1 X126.591 Y126.318 E314.35735
G1 X124.987 Y129.2 E314.47252
G1 X122.851 Y131.839 E314.59109
G1 X120.052 Y133.711 E314.70868
G1 X116.761 Y134.421 E314.82627
G1 X113.379 Y134.121 E314.94484
G1 X110.193 Y133.27 E315.06001
G1 X107.261 Y132.223 E315.16872
G1 X104.522 Y131.143 E315.27156
G1 X101.879 Y130.076 E315.37112
G1 X99.236 Y129.005 E315.47068
G1 X96.517 Y127.877 E315.57352
G1 X93.682 Y126.591 E315.68223
G1 X90.8 Y124.987 E315.79740
G1 X88.161 Y122.851 E315.91597
G1 X86.289 Y120.052 E316.03356
G1 X85.579 Y116.761 E316.15115
G1 X85.879 Y113.379 E316.26972
G1 X86.73 Y110.193 E316.38489
G1 X87.777 Y107.261 E316.49360
G1 X88.857 Y104.522 E316.59643
G1 X89.924 Y101.879 E316.69600
G1 X90.995 Y99.236 E316.79556
G1 X92.123 Y96.517 E316.89839
G1 X93.409 Y93.682 E317.00710
G1 X95.013 Y90.8 E317.12227
G1 X97.149 Y88.161 E317.24084
G1 X99.948 Y86.289 E317.35844
G1 X103.239 Y85.579 E317.47603
G1 X106.621 Y85.879 E317.59460
G1 X109.807 Y86.73 E317.70977
G1 X112.739 Y87.777 E317.81848
G1 X115.478 Y88.857 E317.92131
G1 X118.121 Y89.924 E318.02087
G1 X120.764 Y90.995 E318.12044
G1 X123.483 Y92.123 E318.22327
G1 X126.318 Y93.409 E318.33198
G1 X129.2 Y95.013 E318.44715
G1 X131.839 Y97.149 E318.56572
G1 X133.711 Y99.948 E318.68331
G1 X134.421 Y103.239 E318.80090
G1 X134.121 Y106.621 E318.91947
G1 X133.27 Y109.807 E319.03464
G1 X132.223 Y112.739 E319.14335
G1 X131.143 Y115.478 E319.24619
G1 X130.076 Y118.121 E319.34575
G1 X129.659 Y117.953 F1800
G1 X128.61 Y120.54 E319.44324
G1 X127.505 Y123.203 E319.54394
G1 X126.246 Y125.979 E319.65039
G1 X124.675 Y128.801 E319.76317
G1 X122.584 Y131.385 E319.87928
G1 X119.843 Y133.218 E319.99442
G1 X116.62 Y133.914 E320.10957
G1 X113.309 Y133.62 E320.22568
G1 X110.189 Y132.787 E320.33846
G1 X107.318 Y131.762 E320.44491
G1 X104.636 Y130.704 E320.54560
G1 X102.047 Y129.659 E320.64310
G1 X99.46 Y128.61 E320.74059
G1 X96.797 Y127.505 E320.84129
G1 X94.021 Y126.246 E320.94774
G1 X91.199 Y124.675 E321.06052
G1 X88.615 Y122.584 E321.17662
G1 X86.782 Y119.843 E321.29177
G1 X86.086 Y116.62 E321.40692
G1 X86.38 Y113.309 E321.52302
G1 X87.213 Y110.189 E321.63580
G1 X88.238 Y107.318 E321.74225
G1 X89.296 Y104.636 E321.84295
G1 X90.341 Y102.047 E321.94044
G1 X91.39 Y99.46 E322.03794
G1 X92.495 Y96.797 E322.13863
G1 X93.754 Y94.021 E322.24509
G1 X95.325 Y91.199 E322.35786
G1 X97.416 Y88.615 E322.47397
G1 X100.157 Y86.782 E322.58912
G1 X103.38 Y86.086 E322.70427
G1 X106.691 Y86.38 E322.82037
G1 X109.811 Y87.213 E322.93315
G1 X112.682 Y88.238 E323.03960
G1 X115.364 Y89.296 E323.14030
G1 X117.953 Y90.341 E323.23779
G1 X120.54 Y91.39 E323.33528
G1 X123.203 Y92.495 E323.43598
G1 X125.979 Y93.754 E323.54243
G1 X128.801 Y95.325 E323.65521
G1 X131.385 Y97.416 E323.77132
G1 X133.218 Y100.157 E323.88646
G1 X133.914 Y103.38 E324.00161
G1 X133.62 Y106.691 E324.11772
G1 X132.787 Y109.811 E324.23050
G1 X131.762 Y112.682 E324.33695
G1 X130.704 Y115.364 E324.43764
G1 X129.659 Y117.953 E324.53514
G1 E323.73514 F2400
;LAYER_CHANGE
;Z:6.2
G1 Z6.6 F3000
G0 X130.023 Y118.411 F9000
G1 Z6.2 F3000
G1 E324.53514 F2400
G1 X130.023 Y118.411 F1800
G1 X128.914 Y121.046 E324.63498
G1 X127.747 Y123.758 E324.73811
G1 X126.42 Y126.584 E324.84713
G1 X124.773 Y129.452 E324.96263
G1 X122.596 Y132.07 E325.08154
G1 X119.765 Y133.91 E325.19946
G1 X116.455 Y134.578 E325.31739
G1 X113.068 Y134.232 E325.43629
G1 X109.884 Y133.337 E325.55179
G1 X106.958 Y132.248 E325.66081
G1 X104.226 Y131.129 E325.76394
G1 X101.589 Y130.023 E325.86378
G1 X98.954 Y128.914 E325.96363
G1 X96.242 Y127.747 E326.06675
G1 X93.416 Y126.42 E326.17577
G1 X90.548 Y124.773 E326.29127
G1 X87.93 Y122.596 E326.41018
G1 X86.09 Y119.765 E326.52811
G1 X85.422 Y116.455 E326.64603
G1 X85.768 Y113.068 E326.76494
G1 X86.663 Y109.884 E326.88044
G1 X87.752 Y106.958 E326.98946
G1 X88.871 Y104.226 E327.09258
G1 X89.977 Y101.589 E327.19243
G1 X91.086 Y98.954 E327.29227
G1 X92.253 Y96.242 E327.39540
G1 X93.58 Y93.416 E327.50442
G1 X95.227 Y90.548 E327.61992
G1 X97.404 Y87.93 E327.73883
G1 X100.235 Y86.09 E327.85675
G1 X103.545 Y85.422 E327.97468
G1 X106.932 Y85.768 E328.09358
G1 X110.116 Y86.663 E328.20908
G1 X113.042 Y87.752 E328.31810
G1 X115.774 Y88.871 E328.42123
G1 X118.411 Y89.977 E328.52107
G1 X121.046 Y91.086 E328.62092
G1 X123.758 Y92.253 E328.72405
G1 X126.584 Y93.58 E328.83306
G1 X129.452 Y95.227 E328.94856
G1 X132.07 Y97.404 E329.06747
G1 X133.91 Y100.235 E329.18540
G1 X134.578 Y103.545 E329.30332
G1 X134.232 Y106.932 E329.42223
G1 X133.337 Y110.116 E329.53773
G1 X132.248 Y113.042 E329.64675
G1 X131.129 Y115.774 E329.74987
G1 X130.023 Y118.411 E329.84972
G1 X129.608 Y118.236 F1800
G1 X128.523 Y120.817 E329.94750
G1 X127.379 Y123.473 E330.04848
G1 X126.08 Y126.24 E330.15525
G1 X124.467 Y129.049 E330.26835
G1 X122.335 Y131.613 E330.38479
G1 X119.563 Y133.415 E330.50028
G1 X116.321 Y134.069 E330.61576
G1 X113.004 Y133.73 E330.73220
G1 X109.886 Y132.854 E330.84531
G1 X107.021 Y131.787 E330.95207
G1 X104.345 Y130.691 E331.05306
G1 X101.764 Y129.608 E331.15083
G1 X99.183 Y128.523 E331.24861
G1 X96.527 Y127.379 E331.34960
G1 X93.76 Y126.08 E331.45636
G1 X90.951 Y124.467 E331.56947
G1 X88.387 Y122.335 E331.68591
G1 X86.585 Y119.563 E331.80139
G1 X85.931 Y116.321 E331.91687
G1 X86.27 Y113.004 E332.03332
G1 X87.146 Y109.886 E332.14642
G1 X88.213 Y107.021 E332.25318
G1 X89.309 Y104.345 E332.35417
G1 X90.392 Y101.764 E332.45195
G1 X91.477 Y99.183 E332.54973
G1 X92.621 Y96.527 E332.65072
G1 X93.92 Y93.76 E332.75748
G1 X95.533 Y90.951 E332.87058
G1 X97.665 Y88.387 E332.98703
G1 X100.437 Y86.585 E333.10251
G1 X103.679 Y85.931 E333.21799
G1 X106.996 Y86.27 E333.33443
G1 X110.114 Y87.146 E333.44754
G1 X112.979 Y88.213 E333.55430
G1 X115.655 Y89.309 E333.65529
G1 X118.236 Y90.392 E333.75307
G1 X120.817 Y91.477 E333.85084
G1 X123.473 Y92.621 E333.95183
G1 X126.24 Y93.92 E334.05859
G1 X129.049 Y95.533 E334.17170
G1 X131.613 Y97.665 E334.28814
G1 X133.415 Y100.437 E334.40362
G1 X134.069 Y103.679 E334.51910
G1 X133.73 Y106.996 E334.63555
G1 X132.854 Y110.114 E334.74865
G1 X131.787 Y112.979 E334.85541
G1 X130.691 Y115.655 E334.95640
G1 X129.608 Y118.236 E335.05418
G1 E334.25418 F2400
;LAYER_CHANGE
;Z:6.4
G1 Z6.8 F3000
G0 X129.961 Y118.698 F9000
G1 Z6.4 F3000
G1 E335.05418 F2400
G1 X129.961 Y118.698 F1800
G1 X128.815 Y121.325 E335.15428
G1 X127.608 Y124.028 E335.25767
G1 X126.24 Y126.843 E335.36697
G1 X124.551 Y129.696 E335.48277
G1 X122.334 Y132.292 E335.60198
G1 X119.471 Y134.099 E335.72021
G1 X116.144 Y134.725 E335.83844
G1 X112.753 Y134.333 E335.95765
G1 X109.574 Y133.393 E336.07344
G1 X106.655 Y132.263 E336.18274
G1 X103.931 Y131.105 E336.28613
G1 X101.302 Y129.961 E336.38623
G1 X98.675 Y128.815 E336.48634
G1 X95.972 Y127.608 E336.58973
G1 X93.157 Y126.24 E336.69903
G1 X90.304 Y124.551 E336.81482
G1 X87.708 Y122.334 E336.93403
G1 X85.901 Y119.471 E337.05226
G1 X85.275 Y116.144 E337.17049
G1 X85.667 Y112.753 E337.28970
G1 X86.607 Y109.574 E337.40550
G1 X87.737 Y106.655 E337.51480
G1 X88.895 Y103.931 E337.61819
G1 X90.039 Y101.302 E337.71829
G1 X91.185 Y98.675 E337.81839
G1 X92.392 Y95.972 E337.92178
G1 X93.76 Y93.157 E338.03108
G1 X95.449 Y90.304 E338.14688
G1 X97.666 Y87.708 E338.26609
G1 X100.529 Y85.901 E338.38432
G1 X103.856 Y85.275 E338.50254
G1 X107.247 Y85.667 E338.62176
G1 X110.426 Y86.607 E338.73755
G1 X113.345 Y87.737 E338.84685
G1 X116.069 Y88.895 E338.95024
G1 X118.698 Y90.039 E339.05034
G1 X121.325 Y91.185 E339.15044
G1 X124.028 Y92.392 E339.25383
G1 X126.843 Y93.76 E339.36313
G1 X129.696 Y95.449 E339.47893
G1 X132.292 Y97.666 E339.59814
G1 X134.099 Y100.529 E339.71637
G1 X134.725 Y103.856 E339.83460
G1 X134.333 Y107.247 E339.95381
G1 X133.393 Y110.426 E340.06961
G1 X132.263 Y113.345 E340.17890
G1 X131.105 Y116.069 E340.28229
G1 X129.961 Y118.698 E340.38240
G1 X129.548 Y118.518 F1800
G1 X128.426 Y121.091 E340.48043
G1 X127.244 Y123.738 E340.58168
G1 X125.904 Y126.495 E340.68872
G1 X124.25 Y129.289 E340.80213
G1 X122.079 Y131.832 E340.91887
G1 X119.276 Y133.601 E341.03466
G1 X116.017 Y134.214 E341.15044
G1 X112.696 Y133.83 E341.26719
G1 X109.582 Y132.91 E341.38059
G1 X106.724 Y131.803 E341.48763
G1 X104.056 Y130.668 E341.58889
G1 X101.482 Y129.548 E341.68692
G1 X98.909 Y128.426 E341.78495
G1 X96.262 Y127.244 E341.88621
G1 X93.505 Y125.904 E341.99325
G1 X90.711 Y124.25 E342.10665
G1 X88.168 Y122.079 E342.22340
G1 X86.399 Y119.276 E342.33918
G1 X85.786 Y116.017 E342.45497
G1 X86.17 Y112.696 E342.57172
G1 X87.09 Y109.582 E342.68512
G1 X88.197 Y106.724 E342.79216
G1 X89.332 Y104.056 E342.89341
G1 X90.452 Y101.482 E342.99144
G1 X91.574 Y98.909 E343.08948
G1 X92.756 Y96.262 E343.19073
G1 X94.096 Y93.505 E343.29777
G1 X95.75 Y90.711 E343.41117
G1 X97.921 Y88.168 E343.52792
G1 X100.724 Y86.399 E343.64371
G1 X103.983 Y85.786 E343.75949
G1 X107.304 Y86.17 E343.87624
G1 X110.418 Y87.09 E343.98964
G1 X113.276 Y88.197 E344.09668
G1 X115.944 Y89.332 E344.19794
G1 X118.518 Y90.452 E344.29597
G1 X121.091 Y91.574 E344.39400
G1 X123.738 Y92.756 E344.49526
G1 X126.495 Y94.096 E344.60230
G1 X129.289 Y95.75 E344.71570
G1 X131.832 Y97.921 E344.83245
G1 X133.601 Y100.724 E344.94823
G1 X134.214 Y103.983 E345.06402
G1 X133.83 Y107.304 E345.18076
G1 X132.91 Y110.418 E345.29417
G1 X131.803 Y113.276 E345.40121
G1 X130.668 Y115.944 E345.50246
G1 X129.548 Y118.518 E345.60049
G1 E344.80049 F2400
;LAYER_CHANGE
;Z:6.6
G1 Z7 F3000
G0 X129.889 Y118.982 F9000
G1 Z6.6 F3000
G1 E345.60049 F2400
G1 X129.889 Y118.982 F1800
G1 X128.705 Y121.6 E345.70082
G1 X127.46 Y124.293 E345.80445
G1 X126.052 Y127.096 E345.91400
G1 X124.321 Y129.933 E346.03006
G1 X122.065 Y132.505 E346.14954
G1 X119.172 Y134.278 E346.26804
G1 X115.829 Y134.861 E346.38654
G1 X112.436 Y134.423 E346.50602
G1 X109.262 Y133.439 E346.62208
G1 X106.352 Y132.267 E346.73163
G1 X103.637 Y131.07 E346.83526
G1 X101.018 Y129.889 E346.93559
G1 X98.4 Y128.705 E347.03592
G1 X95.707 Y127.46 E347.13955
G1 X92.904 Y126.052 E347.24910
G1 X90.067 Y124.321 E347.36516
G1 X87.495 Y122.065 E347.48464
G1 X85.722 Y119.172 E347.60314
G1 X85.139 Y115.829 E347.72164
G1 X85.577 Y112.436 E347.84112
G1 X86.561 Y109.262 E347.95718
G1 X87.733 Y106.352 E348.06673
G1 X88.93 Y103.637 E348.17036
G1 X90.111 Y101.018 E348.27069
G1 X91.295 Y98.4 E348.37102
G1 X92.54 Y95.707 E348.47465
G1 X93.948 Y92.904 E348.58419
G1 X95.679 Y90.067 E348.70026
G1 X97.935 Y87.495 E348.81974
G1 X100.828 Y85.722 E348.93824
G1 X104.171 Y85.139 E349.05674
G1 X107.564 Y85.577 E349.17622
G1 X110.738 Y86.561 E349.29228
G1 X113.648 Y87.733 E349.40183
G1 X116.363 Y88.93 E349.50546
G1 X118.982 Y90.111 E349.60579
G1 X121.6 Y91.295 E349.70612
G1 X124.293 Y92.54 E349.80974
G1 X127.096 Y93.948 E349.91929
G1 X129.933 Y95.679 E350.03535
G1 X132.505 Y97.935 E350.15484
G1 X134.278 Y100.828 E350.27333
G1 X134.861 Y104.171 E350.39183
G1 X134.423 Y107.564 E350.51132
G1 X133.439 Y110.738 E350.62738
G1 X132.267 Y113.648 E350.73693
G1 X131.07 Y116.363 E350.84055
G1 X129.889 Y118.982 E350.94088
G1 X129.479 Y118.797 F1800
G1 X128.32 Y121.36 E351.03915
G1 X127.1 Y123.998 E351.14064
G1 X125.721 Y126.743 E351.24793
G1 X124.026 Y129.522 E351.36159
G1 X121.816 Y132.041 E351.47861
G1 X118.983 Y133.777 E351.59467
G1 X115.709 Y134.348 E351.71072
G1 X112.386 Y133.92 E351.82774
G1 X109.277 Y132.956 E351.94141
G1 X106.427 Y131.808 E352.04870
G1 X103.768 Y130.636 E352.15019
G1 X101.203 Y129.479 E352.24845
G1 X98.64 Y128.32 E352.34671
G1 X96.002 Y127.1 E352.44820
G1 X93.257 Y125.721 E352.55549
G1 X90.478 Y124.026 E352.66916
G1 X87.959 Y121.816 E352.78618
G1 X86.223 Y118.983 E352.90224
G1 X85.652 Y115.709 E353.01829
G1 X86.08 Y112.386 E353.13531
G1 X87.044 Y109.277 E353.24898
G1 X88.192 Y106.427 E353.35627
G1 X89.364 Y103.768 E353.45776
G1 X90.521 Y101.203 E353.55602
G1 X91.68 Y98.64 E353.65428
G1 X92.9 Y96.002 E353.75577
G1 X94.279 Y93.257 E353.86306
G1 X95.974 Y90.478 E353.97673
G1 X98.184 Y87.959 E354.09375
G1 X101.017 Y86.223 E354.20980
G1 X104.291 Y85.652 E354.32586
G1 X107.614 Y86.08 E354.44288
G1 X110.723 Y87.044 E354.55655
G1 X113.573 Y88.192 E354.66384
G1 X116.232 Y89.364 E354.76533
G1 X118.797 Y90.521 E354.86359
G1 X121.36 Y91.68 E354.96185
G1 X123.998 Y92.9 E355.06334
G1 X126.743 Y94.279 E355.17063
G1 X129.522 Y95.974 E355.28430
G1 X132.041 Y98.184 E355.40132
G1 X133.777 Y101.017 E355.51737
G1 X134.348 Y104.291 E355.63343
G1 X133.92 Y107.614 E355.75045
G1 X132.956 Y110.723 E355.86411
G1 X131.808 Y113.573 E355.97140
G1 X130.636 Y116.232 E356.07289
G1 X129.479 Y118.797 E356.17116
G1 E355.37116 F2400
;LAYER_CHANGE
;Z:6.8
G1 Z7.2 F3000
G0 X129.808 Y119.263 F9000
G1 Z6.8 F3000
G1 E356.17116 F2400
G1 X129.808 Y119.263 F1800
G1 X128.587 Y121.87 E356.27169
G1 X127.304 Y124.552 E356.37552
G1 X125.856 Y127.342 E356.48529
G1 X124.084 Y130.161 E356.60158
G1 X121.789 Y132.708 E356.72131
G1 X118.867 Y134.446 E356.84004
G1 X115.51 Y134.986 E356.95878
G1 X112.116 Y134.502 E357.07850
G1 X108.949 Y133.474 E357.19479
G1 X106.049 Y132.262 E357.30456
G1 X103.345 Y131.026 E357.40840
G1 X100.737 Y129.808 E357.50893
G1 X98.13 Y128.587 E357.60946
G1 X95.448 Y127.304 E357.71329
G1 X92.658 Y125.856 E357.82306
G1 X89.839 Y124.084 E357.93935
G1 X87.292 Y121.789 E358.05908
G1 X85.554 Y118.867 E358.17781
G1 X85.014 Y115.51 E358.29655
G1 X85.498 Y112.116 E358.41627
G1 X86.526 Y108.949 E358.53256
G1 X87.738 Y106.049 E358.64233
G1 X88.974 Y103.345 E358.74617
G1 X90.192 Y100.737 E358.84670
G1 X91.413 Y98.13 E358.94723
G1 X92.696 Y95.448 E359.05106
G1 X94.144 Y92.658 E359.16083
G1 X95.916 Y89.839 E359.27713
G1 X98.211 Y87.292 E359.39685
G1 X101.133 Y85.554 E359.51558
G1 X104.49 Y85.014 E359.63432
G1 X107.884 Y85.498 E359.75404
G1 X111.051 Y86.526 E359.87034
G1 X113.951 Y87.738 E359.98010
G1 X116.655 Y88.974 E360.08394
G1 X119.263 Y90.192 E360.18447
G1 X121.87 Y91.413 E360.28500
G1 X124.552 Y92.696 E360.38884
G1 X127.342 Y94.144 E360.49860
G1 X130.161 Y95.916 E360.61490
G1 X132.708 Y98.211 E360.73462
G1 X134.446 Y101.133 E360.85336
G1 X134.986 Y104.49 E360.97209
G1 X134.502 Y107.884 E361.09181
G1 X133.474 Y111.051 E361.20811
G1 X132.262 Y113.951 E361.31788
G1 X131.026 Y116.655 E361.42171
G1 X129.808 Y119.263 E361.52224
G1 X129.4 Y119.073 F1800
G1 X128.205 Y121.626 E361.62070
G1 X126.948 Y124.253 E361.72240
G1 X125.529 Y126.985 E361.82991
G1 X123.794 Y129.747 E361.94381
G1 X121.547 Y132.241 E362.06107
G1 X118.685 Y133.943 E362.17736
G1 X115.397 Y134.472 E362.29365
G1 X112.073 Y133.998 E362.41091
G1 X108.971 Y132.991 E362.52481
G1 X106.131 Y131.803 E362.63232
G1 X103.482 Y130.593 E362.73402
G1 X100.927 Y129.4 E362.83248
G1 X98.374 Y128.205 E362.93095
G1 X95.747 Y126.948 E363.03264
G1 X93.015 Y125.529 E363.14015
G1 X90.253 Y123.794 E363.25405
G1 X87.759 Y121.547 E363.37131
G1 X86.057 Y118.685 E363.48760
G1 X85.528 Y115.397 E363.60390
G1 X86.002 Y112.073 E363.72116
G1 X87.009 Y108.971 E363.83506
G1 X88.197 Y106.131 E363.94257
G1 X89.407 Y103.482 E364.04426
G1 X90.6 Y100.927 E364.14273
G1 X91.795 Y98.374 E364.24119
G1 X93.052 Y95.747 E364.34289
G1 X94.471 Y93.015 E364.45039
G1 X96.206 Y90.253 E364.56429
G1 X98.453 Y87.759 E364.68155
G1 X101.315 Y86.057 E364.79785
G1 X104.603 Y85.528 E364.91414
G1 X107.927 Y86.002 E365.03140
G1 X111.029 Y87.009 E365.14530
G1 X113.869 Y88.197 E365.25281
G1 X116.518 Y89.407 E365.35450
G1 X119.073 Y90.6 E365.45297
G1 X121.626 Y91.795 E365.55143
G1 X124.253 Y93.052 E365.65313
G1 X126.985 Y94.471 E365.76064
G1 X129.747 Y96.206 E365.87454
G1 X132.241 Y98.453 E365.99180
G1 X133.943 Y101.315 E366.10809
G1 X134.472 Y104.603 E366.22438
G1 X133.998 Y107.927 E366.34164
G1 X132.991 Y111.029 E366.45554
G1 X131.803 Y113.869 E366.56305
G1 X130.593 Y116.518 E366.66475
G1 X129.4 Y119.073 E366.76321
G1 E365.96321 F2400
;LAYER_CHANGE
;Z:7
G1 Z7.4 F3000
G0 X129.717 Y119.541 F9000
G1 Z7 F3000
G1 E366.76321 F2400
G1 X129.717 Y119.541 F1800
G1 X128.46 Y122.136 E366.86391
G1 X127.139 Y124.806 E366.96793
G1 X125.651 Y127.581 E367.07788
G1 X123.839 Y130.381 E367.19438
G1 X121.507 Y132.902 E367.31430
G1 X118.557 Y134.604 E367.43324
G1 X115.188 Y135.1 E367.55218
G1 X111.795 Y134.57 E367.67211
G1 X108.636 Y133.499 E367.78861
G1 X105.747 Y132.245 E367.89856
G1 X103.055 Y130.972 E368.00258
G1 X100.459 Y129.717 E368.10328
G1 X97.864 Y128.46 E368.20398
G1 X95.194 Y127.139 E368.30800
G1 X92.419 Y125.651 E368.41795
G1 X89.619 Y123.839 E368.53445
G1 X87.098 Y121.507 E368.65438
G1 X85.396 Y118.557 E368.77332
G1 X84.9 Y115.188 E368.89226
G1 X85.43 Y111.795 E369.01218
G1 X86.501 Y108.636 E369.12868
G1 X87.755 Y105.747 E369.23863
G1 X89.028 Y103.055 E369.34265
G1 X90.283 Y100.459 E369.44335
G1 X91.54 Y97.864 E369.54406
G1 X92.861 Y95.194 E369.64807
G1 X94.349 Y92.419 E369.75803
G1 X96.161 Y89.619 E369.87452
G1 X98.493 Y87.098 E369.99445
G1 X101.443 Y85.396 E370.11339
G1 X104.812 Y84.9 E370.23233
G1 X108.205 Y85.43 E370.35226
G1 X111.364 Y86.501 E370.46875
G1 X114.253 Y87.755 E370.57871
G1 X116.945 Y89.028 E370.68272
G1 X119.541 Y90.283 E370.78342
G1 X122.136 Y91.54 E370.88413
G1 X124.806 Y92.861 E370.98814
G1 X127.581 Y94.349 E371.09810
G1 X130.381 Y96.161 E371.21459
G1 X132.902 Y98.493 E371.33452
G1 X134.604 Y101.443 E371.45346
G1 X135.1 Y104.812 E371.57240
G1 X134.57 Y108.205 E371.69233
G1 X133.499 Y111.364 E371.80882
G1 X132.245 Y114.253 E371.91878
G1 X130.972 Y116.945 E372.02279
G1 X129.717 Y119.541 E372.12349
G1 X129.312 Y119.345 F1800
G1 X128.081 Y121.887 E372.22213
G1 X126.787 Y124.502 E372.32401
G1 X125.33 Y127.22 E372.43170
G1 X123.555 Y129.963 E372.54580
G1 X121.271 Y132.432 E372.66327
G1 X118.381 Y134.098 E372.77977
G1 X115.081 Y134.584 E372.89626
G1 X111.758 Y134.066 E373.01373
G1 X108.664 Y133.016 E373.12783
G1 X105.835 Y131.788 E373.23552
G1 X103.198 Y130.541 E373.33740
G1 X100.655 Y129.312 E373.43604
G1 X98.113 Y128.081 E373.53467
G1 X95.498 Y126.787 E373.63655
G1 X92.78 Y125.33 E373.74425
G1 X90.037 Y123.555 E373.85835
G1 X87.568 Y121.271 E373.97581
G1 X85.902 Y118.381 E374.09231
G1 X85.416 Y115.081 E374.20880
G1 X85.934 Y111.758 E374.32627
G1 X86.984 Y108.664 E374.44037
G1 X88.212 Y105.835 E374.54807
G1 X89.459 Y103.198 E374.64994
G1 X90.688 Y100.655 E374.74858
G1 X91.919 Y98.113 E374.84721
G1 X93.213 Y95.498 E374.94909
G1 X94.67 Y92.78 E375.05679
G1 X96.445 Y90.037 E375.17089
G1 X98.729 Y87.568 E375.28835
G1 X101.619 Y85.902 E375.40485
G1 X104.919 Y85.416 E375.52134
G1 X108.242 Y85.934 E375.63881
G1 X111.336 Y86.984 E375.75291
G1 X114.165 Y88.212 E375.86061
G1 X116.802 Y89.459 E375.96248
G1 X119.345 Y90.688 E376.06112
G1 X121.887 Y91.919 E376.15975
G1 X124.502 Y93.213 E376.26163
G1 X127.22 Y94.67 E376.36933
G1 X129.963 Y96.445 E376.48343
G1 X132.432 Y98.729 E376.60089
G1 X134.098 Y101.619 E376.71739
G1 X134.584 Y104.919 E376.83389
G1 X134.066 Y108.242 E376.95135
G1 X133.016 Y111.336 E377.06545
G1 X131.788 Y114.165 E377.17315
G1 X130.541 Y116.802 E377.27503
G1 X129.312 Y119.345 E377.37366
G1 E376.57366 F2400
;LAYER_CHANGE
;Z:7.2
G1 Z7.6 F3000
G0 X129.617 Y119.816 F9000
G1 Z7.2 F3000
G1 E377.37366 F2400
G1 X129.617 Y119.816 F1800
G1 X128.324 Y122.398 E377.47451
G1 X126.965 Y125.053 E377.57867
G1 X125.439 Y127.812 E377.68879
G1 X123.587 Y130.592 E377.80545
G1 X121.219 Y133.086 E377.92555
G1 X118.242 Y134.75 E378.04466
G1 X114.861 Y135.203 E378.16377
G1 X111.471 Y134.627 E378.28387
G1 X108.322 Y133.512 E378.40053
G1 X105.446 Y132.219 E378.51064
G1 X102.767 Y130.908 E378.61481
G1 X100.184 Y129.617 E378.71565
G1 X97.602 Y128.324 E378.81650
G1 X94.947 Y126.965 E378.92066
G1 X92.188 Y125.439 E379.03078
G1 X89.408 Y123.587 E379.14744
G1 X86.914 Y121.219 E379.26754
G1 X85.25 Y118.242 E379.38665
G1 X84.797 Y114.861 E379.50576
G1 X85.373 Y111.471 E379.62586
G1 X86.488 Y108.322 E379.74252
G1 X87.781 Y105.446 E379.85264
G1 X89.092 Y102.767 E379.95680
G1 X90.383 Y100.184 E380.05765
G1 X91.676 Y97.602 E380.15850
G1 X93.035 Y94.947 E380.26266
G1 X94.561 Y92.188 E380.37277
G1 X96.413 Y89.408 E380.48943
G1 X98.781 Y86.914 E380.60953
G1 X101.758 Y85.25 E380.72864
G1 X105.139 Y84.797 E380.84775
G1 X108.529 Y85.373 E380.96786
G1 X111.678 Y86.488 E381.08452
G1 X114.554 Y87.781 E381.19463
G1 X117.233 Y89.092 E381.29879
G1 X119.816 Y90.383 E381.39964
G1 X122.398 Y91.676 E381.50049
G1 X125.053 Y93.035 E381.60465
G1 X127.812 Y94.561 E381.71477
G1 X130.592 Y96.413 E381.83143
G1 X133.086 Y98.781 E381.95153
G1 X134.75 Y101.758 E382.07064
G1 X135.203 Y105.139 E382.18975
G1 X134.627 Y108.529 E382.30985
G1 X133.512 Y111.678 E382.42651
G1 X132.219 Y114.554 E382.53662
G1 X130.908 Y117.233 E382.64079
G1 X129.617 Y119.816 E382.74163
G1 X129.215 Y119.615 F1800
G1 X127.948 Y122.143 E382.84041
G1 X126.617 Y124.744 E382.94244
G1 X125.122 Y127.447 E383.05030
G1 X123.309 Y130.17 E383.16456
G1 X120.988 Y132.612 E383.28220
G1 X118.073 Y134.243 E383.39887
G1 X114.762 Y134.686 E383.51553
G1 X111.441 Y134.122 E383.63317
G1 X108.356 Y133.03 E383.74744
G1 X105.54 Y131.763 E383.85529
G1 X102.916 Y130.479 E383.95732
G1 X100.385 Y129.215 E384.05610
G1 X97.857 Y127.948 E384.15488
G1 X95.256 Y126.617 E384.25690
G1 X92.553 Y125.122 E384.36476
G1 X89.83 Y123.309 E384.47903
G1 X87.388 Y120.988 E384.59666
G1 X85.757 Y118.073 E384.71333
G1 X85.314 Y114.762 E384.83000
G1 X85.878 Y111.441 E384.94763
G1 X86.97 Y108.356 E385.06190
G1 X88.237 Y105.54 E385.16976
G1 X89.521 Y102.916 E385.27178
G1 X90.785 Y100.385 E385.37056
G1 X92.052 Y97.857 E385.46934
G1 X93.383 Y95.256 E385.57137
G1 X94.878 Y92.553 E385.67922
G1 X96.691 Y89.83 E385.79349
G1 X99.012 Y87.388 E385.91113
G1 X101.927 Y85.757 E386.02779
G1 X105.238 Y85.314 E386.14446
G1 X108.559 Y85.878 E386.26210
G1 X111.644 Y86.97 E386.37636
G1 X114.46 Y88.237 E386.48422
G1 X117.084 Y89.521 E386.58625
G1 X119.615 Y90.785 E386.68503
G1 X122.143 Y92.052 E386.78381
G1 X124.744 Y93.383 E386.88583
G1 X127.447 Y94.878 E386.99369
G1 X130.17 Y96.691 E387.10795
G1 X132.612 Y99.012 E387.22559
G1 X134.243 Y101.927 E387.34226
G1 X134.686 Y105.238 E387.45892
G1 X134.122 Y108.559 E387.57656
G1 X133.03 Y111.644 E387.69083
G1 X131.763 Y114.46 E387.79868
G1 X130.479 Y117.084 E387.90071
G1 X129.215 Y119.615 E387.99949
G1 E387.19949 F2400
;LAYER_CHANGE
;Z:7.4
G1 Z7.8 F3000
G0 X129.508 Y120.087 F9000
G1 Z7.4 F3000
G1 E387.99949 F2400
G1 X129.508 Y120.087 F1800
G1 X128.179 Y122.654 E388.10045
G1 X126.784 Y125.294 E388.20474
G1 X125.219 Y128.036 E388.31498
G1 X123.329 Y130.795 E388.43177
G1 X120.924 Y133.259 E388.55201
G1 X117.922 Y134.886 E388.67126
G1 X114.532 Y135.294 E388.79050
G1 X111.146 Y134.673 E388.91074
G1 X108.008 Y133.515 E389.02754
G1 X105.147 Y132.182 E389.13778
G1 X102.482 Y130.834 E389.24206
G1 X99.913 Y129.508 E389.34302
G1 X97.346 Y128.179 E389.44399
G1 X94.706 Y126.784 E389.54827
G1 X91.964 Y125.219 E389.65851
G1 X89.205 Y123.329 E389.77531
G1 X86.741 Y120.924 E389.89554
G1 X85.114 Y117.922 E390.01479
G1 X84.706 Y114.532 E390.13404
G1 X85.327 Y111.146 E390.25428
G1 X86.485 Y108.008 E390.37107
G1 X87.818 Y105.147 E390.48131
G1 X89.166 Y102.482 E390.58559
G1 X90.492 Y99.913 E390.68656
G1 X91.821 Y97.346 E390.78752
G1 X93.216 Y94.706 E390.89180
G1 X94.781 Y91.964 E391.00205
G1 X96.671 Y89.205 E391.11884
G1 X99.076 Y86.741 E391.23908
G1 X102.078 Y85.114 E391.35833
G1 X105.468 Y84.706 E391.47757
G1 X108.854 Y85.327 E391.59781
G1 X111.992 Y86.485 E391.71461
G1 X114.853 Y87.818 E391.82485
G1 X117.518 Y89.166 E391.92913
G1 X120.087 Y90.492 E392.03009
G1 X122.654 Y91.821 E392.13106
G1 X125.294 Y93.216 E392.23534
G1 X128.036 Y94.781 E392.34558
G1 X130.795 Y96.671 E392.46237
G1 X133.259 Y99.076 E392.58261
G1 X134.886 Y102.078 E392.70186
G1 X135.294 Y105.468 E392.82111
G1 X134.673 Y108.854 E392.94135
G1 X133.515 Y111.992 E393.05814
G1 X132.182 Y114.853 E393.16838
G1 X130.834 Y117.518 E393.27266
G1 X129.508 Y120.087 E393.37363
G1 X129.108 Y119.88 F1800
G1 X127.806 Y122.395 E393.47252
G1 X126.44 Y124.981 E393.57467
G1 X124.907 Y127.666 E393.68265
G1 X123.055 Y130.369 E393.79705
G1 X120.7 Y132.782 E393.91483
G1 X117.76 Y134.376 E394.03163
G1 X114.439 Y134.776 E394.14843
G1 X111.122 Y134.167 E394.26621
G1 X108.049 Y133.033 E394.38061
G1 X105.246 Y131.728 E394.48859
G1 X102.636 Y130.407 E394.59074
G1 X100.12 Y129.108 E394.68963
G1 X97.605 Y127.806 E394.78853
G1 X95.019 Y126.44 E394.89067
G1 X92.334 Y124.907 E394.99866
G1 X89.631 Y123.055 E395.11306
G1 X87.218 Y120.7 E395.23083
G1 X85.624 Y117.76 E395.34764
G1 X85.224 Y114.439 E395.46444
G1 X85.833 Y111.122 E395.58221
G1 X86.967 Y108.049 E395.69662
G1 X88.272 Y105.246 E395.80460
G1 X89.593 Y102.636 E395.90674
G1 X90.892 Y100.12 E396.00564
G1 X92.194 Y97.605 E396.10453
G1 X93.56 Y95.019 E396.20668
G1 X95.093 Y92.334 E396.31466
G1 X96.945 Y89.631 E396.42906
G1 X99.3 Y87.218 E396.54684
G1 X102.24 Y85.624 E396.66364
G1 X105.561 Y85.224 E396.78044
G1 X108.878 Y85.833 E396.89822
G1 X111.951 Y86.967 E397.01262
G1 X114.754 Y88.272 E397.12060
G1 X117.364 Y89.593 E397.22275
G1 X119.88 Y90.892 E397.32164
G1 X122.395 Y92.194 E397.42054
G1 X124.981 Y93.56 E397.52268
G1 X127.666 Y95.093 E397.63067
G1 X130.369 Y96.945 E397.74507
G1 X132.782 Y99.3 E397.86284
G1 X134.376 Y102.24 E397.97965
G1 X134.776 Y105.561 E398.09645
G1 X134.167 Y108.878 E398.21422
G1 X133.033 Y111.951 E398.32863
G1 X131.728 Y114.754 E398.43661
G1 X130.407 Y117.364 E398.53875
G1 X129.108 Y119.88 E398.63765
G1 E397.83765 F2400
;LAYER_CHANGE
;Z:7.6
G1 Z8 F3000
G0 X129.389 Y120.353 F9000
G1 Z7.6 F3000
G1 E398.63765 F2400
G1 X129.389 Y120.353 F1800
G1 X128.025 Y122.905 E398.73870
G1 X126.594 Y125.529 E398.84307
G1 X124.991 Y128.252 E398.95341
G1 X123.063 Y130.988 E399.07030
G1 X120.624 Y133.422 E399.19064
G1 X117.598 Y135.01 E399.30999
G1 X114.2 Y135.374 E399.42934
G1 X110.819 Y134.707 E399.54969
G1 X107.695 Y133.507 E399.66658
G1 X104.849 Y132.135 E399.77692
G1 X102.2 Y130.751 E399.88129
G1 X99.647 Y129.389 E399.98234
G1 X97.095 Y128.025 E400.08339
G1 X94.471 Y126.594 E400.18776
G1 X91.748 Y124.991 E400.29810
G1 X89.012 Y123.063 E400.41499
G1 X86.578 Y120.624 E400.53534
G1 X84.99 Y117.598 E400.65469
G1 X84.626 Y114.2 E400.77404
G1 X85.293 Y110.819 E400.89438
G1 X86.493 Y107.695 E401.01128
G1 X87.865 Y104.849 E401.12161
G1 X89.249 Y102.2 E401.22598
G1 X90.611 Y99.647 E401.32703
G1 X91.975 Y97.095 E401.42809
G1 X93.406 Y94.471 E401.53246
G1 X95.009 Y91.748 E401.64279
G1 X96.937 Y89.012 E401.75969
G1 X99.376 Y86.578 E401.88003
G1 X102.402 Y84.99 E401.99938
G1 X105.8 Y84.626 E402.11873
G1 X109.181 Y85.293 E402.23907
G1 X112.305 Y86.493 E402.35597
G1 X115.151 Y87.865 E402.46630
G1 X117.8 Y89.249 E402.57068
G1 X120.353 Y90.611 E402.67173
G1 X122.905 Y91.975 E402.77278
G1 X125.529 Y93.406 E402.87715
G1 X128.252 Y95.009 E402.98749
G1 X130.988 Y96.937 E403.10438
G1 X133.422 Y99.376 E403.22472
G1 X135.01 Y102.402 E403.34407
G1 X135.374 Y105.8 E403.46342
G1 X134.707 Y109.181 E403.58377
G1 X133.507 Y112.305 E403.70066
G1 X132.135 Y115.151 E403.81100
G1 X130.751 Y117.8 E403.91537
G1 X129.389 Y120.353 E404.01642
G1 X128.992 Y120.141 F1800
G1 X127.656 Y122.641 E404.11540
G1 X126.254 Y125.211 E404.21764
G1 X124.685 Y127.878 E404.32571
G1 X122.796 Y130.558 E404.44022
G1 X120.407 Y132.942 E404.55810
G1 X117.443 Y134.498 E404.67500
G1 X114.114 Y134.854 E404.79191
G1 X110.802 Y134.201 E404.90979
G1 X107.742 Y133.025 E405.02429
G1 X104.954 Y131.682 E405.13237
G1 X102.36 Y130.326 E405.23460
G1 X99.859 Y128.992 E405.33358
G1 X97.359 Y127.656 E405.43257
G1 X94.789 Y126.254 E405.53480
G1 X92.122 Y124.685 E405.64288
G1 X89.442 Y122.796 E405.75738
G1 X87.058 Y120.407 E405.87526
G1 X85.502 Y117.443 E405.99216
G1 X85.146 Y114.114 E406.10907
G1 X85.799 Y110.802 E406.22695
G1 X86.975 Y107.742 E406.34145
G1 X88.318 Y104.954 E406.44953
G1 X89.674 Y102.36 E406.55176
G1 X91.008 Y99.859 E406.65075
G1 X92.344 Y97.359 E406.74973
G1 X93.746 Y94.789 E406.85196
G1 X95.315 Y92.122 E406.96004
G1 X97.204 Y89.442 E407.07454
G1 X99.593 Y87.058 E407.19242
G1 X102.557 Y85.502 E407.30933
G1 X105.886 Y85.146 E407.42623
G1 X109.198 Y85.799 E407.54411
G1 X112.258 Y86.975 E407.65861
G1 X115.046 Y88.318 E407.76669
G1 X117.64 Y89.674 E407.86893
G1 X120.141 Y91.008 E407.96791
G1 X122.641 Y92.344 E408.06689
G1 X125.211 Y93.746 E408.16913
G1 X127.878 Y95.315 E408.27720
G1 X130.558 Y97.204 E408.39171
G1 X132.942 Y99.593 E408.50958
G1 X134.498 Y102.557 E408.62649
G1 X134.854 Y105.886 E408.74340
G1 X134.201 Y109.198 E408.86128
G1 X133.025 Y112.258 E408.97578
G1 X131.682 Y115.046 E409.08386
G1 X130.326 Y117.64 E409.18609
G1 X128.992 Y120.141 E409.28507
G1 E408.48507 F2400
;LAYER_CHANGE
;Z:7.8
G1 Z8.2 F3000
G0 X129.261 Y120.616 F9000
G1 Z7.8 F3000
G1 E409.28507 F2400
G1 X129.261 Y120.616 F1800
G1 X127.862 Y123.15 E409.38618
G1 X126.396 Y125.756 E409.49061
G1 X124.757 Y128.459 E409.60101
G1 X122.791 Y131.171 E409.71797
G1 X120.319 Y133.574 E409.83839
G1 X117.27 Y135.123 E409.95781
G1 X113.866 Y135.442 E410.07722
G1 X110.492 Y134.73 E410.19764
G1 X107.382 Y133.487 E410.31460
G1 X104.552 Y132.077 E410.42500
G1 X101.921 Y130.657 E410.52943
G1 X99.384 Y129.261 E410.63054
G1 X96.85 Y127.862 E410.73165
G1 X94.244 Y126.396 E410.83608
G1 X91.541 Y124.757 E410.94648
G1 X88.829 Y122.791 E411.06344
G1 X86.426 Y120.319 E411.18385
G1 X84.877 Y117.27 E411.30327
G1 X84.558 Y113.866 E411.42269
G1 X85.27 Y110.492 E411.54310
G1 X86.513 Y107.382 E411.66006
G1 X87.923 Y104.552 E411.77046
G1 X89.343 Y101.921 E411.87489
G1 X90.739 Y99.384 E411.97600
G1 X92.138 Y96.85 E412.07711
G1 X93.604 Y94.244 E412.18155
G1 X95.243 Y91.541 E412.29194
G1 X97.209 Y88.829 E412.40891
G1 X99.681 Y86.426 E412.52932
G1 X102.73 Y84.877 E412.64874
G1 X106.134 Y84.558 E412.76816
G1 X109.508 Y85.27 E412.88857
G1 X112.618 Y86.513 E413.00553
G1 X115.448 Y87.923 E413.11593
G1 X118.079 Y89.343 E413.22036
G1 X120.616 Y90.739 E413.32147
G1 X123.15 Y92.138 E413.42258
G1 X125.756 Y93.604 E413.52701
G1 X128.459 Y95.243 E413.63741
G1 X131.171 Y97.209 E413.75437
G1 X133.574 Y99.681 E413.87479
G1 X135.123 Y102.73 E413.99420
G1 X135.442 Y106.134 E414.11362
G1 X134.73 Y109.508 E414.23403
G1 X133.487 Y112.618 E414.35100
G1 X132.077 Y115.448 E414.46140
G1 X130.657 Y118.079 E414.56583
G1 X129.261 Y120.616 E414.66694
G1 X128.867 Y120.398 F1800
G1 X127.497 Y122.881 E414.76598
G1 X126.06 Y125.434 E414.86827
G1 X124.455 Y128.082 E414.97641
G1 X122.529 Y130.738 E415.09098
G1 X120.107 Y133.092 E415.20893
G1 X117.121 Y134.609 E415.32590
G1 X113.786 Y134.921 E415.44288
G1 X110.482 Y134.224 E415.56083
G1 X107.435 Y133.007 E415.67540
G1 X104.664 Y131.626 E415.78354
G1 X102.086 Y130.235 E415.88583
G1 X99.602 Y128.867 E415.98487
G1 X97.119 Y127.497 E416.08391
G1 X94.566 Y126.06 E416.18621
G1 X91.918 Y124.455 E416.29435
G1 X89.262 Y122.529 E416.40892
G1 X86.908 Y120.107 E416.52687
G1 X85.391 Y117.121 E416.64384
G1 X85.079 Y113.786 E416.76082
G1 X85.776 Y110.482 E416.87876
G1 X86.993 Y107.435 E416.99333
G1 X88.374 Y104.664 E417.10147
G1 X89.765 Y102.086 E417.20377
G1 X91.133 Y99.602 E417.30281
G1 X92.503 Y97.119 E417.40185
G1 X93.94 Y94.566 E417.50414
G1 X95.545 Y91.918 E417.61228
G1 X97.471 Y89.262 E417.72685
G1 X99.893 Y86.908 E417.84480
G1 X102.879 Y85.391 E417.96178
G1 X106.214 Y85.079 E418.07875
G1 X109.518 Y85.776 E418.19670
G1 X112.565 Y86.993 E418.31127
G1 X115.336 Y88.374 E418.41941
G1 X117.914 Y89.765 E418.52170
G1 X120.398 Y91.133 E418.62075
G1 X122.881 Y92.503 E418.71979
G1 X125.434 Y93.94 E418.82208
G1 X128.082 Y95.545 E418.93022
G1 X130.738 Y97.471 E419.04479
G1 X133.092 Y99.893 E419.16274
G1 X134.609 Y102.879 E419.27971
G1 X134.921 Y106.214 E419.39669
G1 X134.224 Y109.518 E419.51464
G1 X133.007 Y112.565 E419.62921
G1 X131.626 Y115.336 E419.73735
G1 X130.235 Y117.914 E419.83964
G1 X128.867 Y120.398 E419.93868
G1 E419.13868 F2400
;LAYER_CHANGE
;Z:8
G1 Z8.4 F3000
G0 X129.124 Y120.873 F9000
G1 Z8 F3000
G1 E419.93868 F2400
G1 X129.124 Y120.873 F1800
G1 X127.692 Y123.39 E420.03982
G1 X126.19 Y125.977 E420.14428
G1 X124.515 Y128.659 E420.25471
G1 X122.513 Y131.345 E420.37171
G1 X120.008 Y133.716 E420.49216
G1 X116.938 Y135.225 E420.61161
G1 X113.529 Y135.498 E420.73106
G1 X110.164 Y134.742 E420.85151
G1 X107.07 Y133.457 E420.96850
G1 X104.259 Y132.009 E421.07893
G1 X101.645 Y130.554 E421.18340
G1 X99.127 Y129.124 E421.28453
G1 X96.61 Y127.692 E421.38567
G1 X94.023 Y126.19 E421.49013
G1 X91.341 Y124.515 E421.60057
G1 X88.655 Y122.513 E421.71756
G1 X86.284 Y120.008 E421.83801
G1 X84.775 Y116.938 E421.95746
G1 X84.502 Y113.529 E422.07691
G1 X85.258 Y110.164 E422.19736
G1 X86.543 Y107.07 E422.31436
G1 X87.991 Y104.259 E422.42479
G1 X89.446 Y101.645 E422.52925
G1 X90.876 Y99.127 E422.63039
G1 X92.308 Y96.61 E422.73153
G1 X93.81 Y94.023 E422.83599
G1 X95.485 Y91.341 E422.94642
G1 X97.487 Y88.655 E423.06341
G1 X99.992 Y86.284 E423.18386
G1 X103.062 Y84.775 E423.30331
G1 X106.471 Y84.502 E423.42277
G1 X109.836 Y85.258 E423.54321
G1 X112.93 Y86.543 E423.66021
G1 X115.741 Y87.991 E423.77064
G1 X118.355 Y89.446 E423.87510
G1 X120.873 Y90.876 E423.97624
G1 X123.39 Y92.308 E424.07738
G1 X125.977 Y93.81 E424.18184
G1 X128.659 Y95.485 E424.29227
G1 X131.345 Y97.487 E424.40927
G1 X133.716 Y99.992 E424.52971
G1 X135.225 Y103.062 E424.64917
G1 X135.498 Y106.471 E424.76862
G1 X134.742 Y109.836 E424.88907
G1 X133.457 Y112.93 E425.00606
G1 X132.009 Y115.741 E425.11649
G1 X130.554 Y118.355 E425.22095
G1 X129.124 Y120.873 E425.32209
G1 X128.733 Y120.651 F1800
G1 X127.33 Y123.116 E425.42116
G1 X125.859 Y125.65 E425.52349
G1 X124.218 Y128.277 E425.63166
G1 X122.257 Y130.908 E425.74626
G1 X119.803 Y133.231 E425.86425
G1 X116.797 Y134.709 E425.98125
G1 X113.457 Y134.976 E426.09826
G1 X110.161 Y134.235 E426.21625
G1 X107.13 Y132.978 E426.33085
G1 X104.376 Y131.559 E426.43902
G1 X101.816 Y130.134 E426.54135
G1 X99.349 Y128.733 E426.64042
G1 X96.884 Y127.33 E426.73949
G1 X94.35 Y125.859 E426.84181
G1 X91.723 Y124.218 E426.94998
G1 X89.092 Y122.257 E427.06459
G1 X86.769 Y119.803 E427.18257
G1 X85.291 Y116.797 E427.29958
G1 X85.024 Y113.457 E427.41659
G1 X85.765 Y110.161 E427.53457
G1 X87.022 Y107.13 E427.64917
G1 X88.441 Y104.376 E427.75734
G1 X89.866 Y101.816 E427.85967
G1 X91.267 Y99.349 E427.95874
G1 X92.67 Y96.884 E428.05781
G1 X94.141 Y94.35 E428.16013
G1 X95.782 Y91.723 E428.26831
G1 X97.743 Y89.092 E428.38291
G1 X100.197 Y86.769 E428.50089
G1 X103.203 Y85.291 E428.61790
G1 X106.543 Y85.024 E428.73491
G1 X109.839 Y85.765 E428.85289
G1 X112.87 Y87.022 E428.96750
G1 X115.624 Y88.441 E429.07567
G1 X118.184 Y89.866 E429.17799
G1 X120.651 Y91.267 E429.27706
G1 X123.116 Y92.67 E429.37613
G1 X125.65 Y94.141 E429.47846
G1 X128.277 Y95.782 E429.58663
G1 X130.908 Y97.743 E429.70123
G1 X133.231 Y100.197 E429.81921
G1 X134.709 Y103.203 E429.93622
G1 X134.976 Y106.543 E430.05323
G1 X134.235 Y109.839 E430.17122
G1 X132.978 Y112.87 E430.28582
G1 X131.559 Y115.624 E430.39399
G1 X130.134 Y118.184 E430.49632
G1 X128.733 Y120.651 E430.59539
G1 E429.79539 F2400
;LAYER_CHANGE
;Z:8.2
G1 Z8.6 F3000
G0 X128.979 Y121.126 F9000
G1 Z8.2 F3000
G1 E430.59539 F2400
G1 X128.979 Y121.126 F1800
G1 X127.513 Y123.623 E430.69652
G1 X125.977 Y126.19 E430.80099
G1 X124.266 Y128.85 E430.91142
G1 X122.229 Y131.509 E431.02841
G1 X119.693 Y133.846 E431.14886
G1 X116.603 Y135.315 E431.26831
G1 X113.191 Y135.542 E431.38776
G1 X109.836 Y134.742 E431.50821
G1 X106.759 Y133.416 E431.62521
G1 X103.967 Y131.931 E431.73564
G1 X101.374 Y130.442 E431.84010
G1 X98.874 Y128.979 E431.94124
G1 X96.377 Y127.513 E432.04238
G1 X93.81 Y125.977 E432.14684
G1 X91.15 Y124.266 E432.25727
G1 X88.491 Y122.229 E432.37427
G1 X86.154 Y119.693 E432.49471
G1 X84.685 Y116.603 E432.61416
G1 X84.458 Y113.191 E432.73362
G1 X85.258 Y109.836 E432.85406
G1 X86.584 Y106.759 E432.97106
G1 X88.069 Y103.967 E433.08149
G1 X89.558 Y101.374 E433.18595
G1 X91.021 Y98.874 E433.28709
G1 X92.487 Y96.377 E433.38823
G1 X94.023 Y93.81 E433.49269
G1 X95.734 Y91.15 E433.60312
G1 X97.771 Y88.491 E433.72012
G1 X100.307 Y86.154 E433.84056
G1 X103.397 Y84.685 E433.96002
G1 X106.809 Y84.458 E434.07947
G1 X110.164 Y85.258 E434.19992
G1 X113.241 Y86.584 E434.31691
G1 X116.033 Y88.069 E434.42734
G1 X118.626 Y89.558 E434.53181
G1 X121.126 Y91.021 E434.63294
G1 X123.623 Y92.487 E434.73408
G1 X126.19 Y94.023 E434.83854
G1 X128.85 Y95.734 E434.94898
G1 X131.509 Y97.771 E435.06597
G1 X133.846 Y100.307 E435.18642
G1 X135.315 Y103.397 E435.30587
G1 X135.542 Y106.809 E435.42532
G1 X134.742 Y110.164 E435.54577
G1 X133.416 Y113.241 E435.66277
G1 X131.931 Y116.033 E435.77320
G1 X130.442 Y118.626 E435.87766
G1 X128.979 Y121.126 E435.97880
G1 X128.59 Y120.898 F1800
G1 X127.154 Y123.345 E436.07787
G1 X125.65 Y125.859 E436.18019
G1 X123.974 Y128.464 E436.28836
G1 X121.979 Y131.069 E436.40297
G1 X119.495 Y133.359 E436.52095
G1 X116.468 Y134.797 E436.63796
G1 X113.125 Y135.02 E436.75497
G1 X109.839 Y134.235 E436.87295
G1 X106.825 Y132.937 E436.98755
G1 X104.091 Y131.483 E437.09573
G1 X101.55 Y130.024 E437.19805
G1 X99.102 Y128.59 E437.29712
G1 X96.655 Y127.154 E437.39619
G1 X94.141 Y125.65 E437.49851
G1 X91.536 Y123.974 E437.60669
G1 X88.931 Y121.979 E437.72129
G1 X86.641 Y119.495 E437.83927
G1 X85.203 Y116.468 E437.95628
G1 X84.98 Y113.125 E438.07329
G1 X85.765 Y109.839 E438.19127
G1 X87.063 Y106.825 E438.30588
G1 X88.517 Y104.091 E438.41405
G1 X89.976 Y101.55 E438.51637
G1 X91.41 Y99.102 E438.61544
G1 X92.846 Y96.655 E438.71451
G1 X94.35 Y94.141 E438.81684
G1 X96.026 Y91.536 E438.92501
G1 X98.021 Y88.931 E439.03961
G1 X100.505 Y86.641 E439.15760
G1 X103.532 Y85.203 E439.27460
G1 X106.875 Y84.98 E439.39161
G1 X110.161 Y85.765 E439.50960
G1 X113.175 Y87.063 E439.62420
G1 X115.909 Y88.517 E439.73237
G1 X118.45 Y89.976 E439.83470
G1 X120.898 Y91.41 E439.93377
G1 X123.345 Y92.846 E440.03284
G1 X125.859 Y94.35 E440.13516
G1 X128.464 Y96.026 E440.24333
G1 X131.069 Y98.021 E440.35794
G1 X133.359 Y100.505 E440.47592
G1 X134.797 Y103.532 E440.59293
G1 X135.02 Y106.875 E440.70994
G1 X134.235 Y110.161 E440.82792
G1 X132.937 Y113.175 E440.94252
G1 X131.483 Y115.909 E441.05069
G1 X130.024 Y118.45 E441.15302
G1 X128.59 Y120.898 E441.25209
G1 E440.45209 F2400
;LAYER_CHANGE
;Z:8.4
G1 Z8.8 F3000
G0 X128.824 Y121.373 F9000
G1 Z8.4 F3000
G1 E441.25209 F2400
G1 X128.824 Y121.373 F1800
G1 X127.325 Y123.85 E441.35320
G1 X125.756 Y126.396 E441.45763
G1 X124.011 Y129.032 E441.56803
G1 X121.939 Y131.663 E441.68499
G1 X119.373 Y133.966 E441.80540
G1 X116.266 Y135.393 E441.92482
G1 X112.851 Y135.575 E442.04424
G1 X109.508 Y134.73 E442.16465
G1 X106.45 Y133.365 E442.28161
G1 X103.679 Y131.843 E442.39201
G1 X101.106 Y130.32 E442.49645
G1 X98.627 Y128.824 E442.59756
G1 X96.15 Y127.325 E442.69866
G1 X93.604 Y125.756 E442.80310
G1 X90.968 Y124.011 E442.91350
G1 X88.337 Y121.939 E443.03046
G1 X86.034 Y119.373 E443.15087
G1 X84.607 Y116.266 E443.27029
G1 X84.425 Y112.851 E443.38971
G1 X85.27 Y109.508 E443.51012
G1 X86.635 Y106.45 E443.62708
G1 X88.157 Y103.679 E443.73748
G1 X89.68 Y101.106 E443.84191
G1 X91.176 Y98.627 E443.94302
G1 X92.675 Y96.15 E444.04413
G1 X94.244 Y93.604 E444.14856
G1 X95.989 Y90.968 E444.25896
G1 X98.061 Y88.337 E444.37592
G1 X100.627 Y86.034 E444.49634
G1 X103.734 Y84.607 E444.61575
G1 X107.149 Y84.425 E444.73517
G1 X110.492 Y85.27 E444.85558
G1 X113.55 Y86.635 E444.97255
G1 X116.321 Y88.157 E445.08295
G1 X118.894 Y89.68 E445.18738
G1 X121.373 Y91.176 E445.28849
G1 X123.85 Y92.675 E445.38960
G1 X126.396 Y94.244 E445.49403
G1 X129.032 Y95.989 E445.60443
G1 X131.663 Y98.061 E445.72139
G1 X133.966 Y100.627 E445.84180
G1 X135.393 Y103.734 E445.96122
G1 X135.575 Y107.149 E446.08064
G1 X134.73 Y110.492 E446.20105
G1 X133.365 Y113.55 E446.31801
G1 X131.843 Y116.321 E446.42841
G1 X130.32 Y118.894 E446.53284
G1 X128.824 Y121.373 E446.63395
G1 X128.439 Y121.14 F1800
G1 X126.971 Y123.567 E446.73299
G1 X125.434 Y126.06 E446.83529
G1 X123.724 Y128.642 E446.94343
G1 X121.695 Y131.22 E447.05800
G1 X119.181 Y133.475 E447.17595
G1 X116.137 Y134.873 E447.29292
G1 X112.793 Y135.052 E447.40990
G1 X109.518 Y134.224 E447.52784
G1 X106.523 Y132.887 E447.64241
G1 X103.808 Y131.396 E447.75055
G1 X101.288 Y129.904 E447.85285
G1 X98.86 Y128.439 E447.95189
G1 X96.433 Y126.971 E448.05093
G1 X93.94 Y125.434 E448.15322
G1 X91.358 Y123.724 E448.26137
G1 X88.78 Y121.695 E448.37593
G1 X86.525 Y119.181 E448.49388
G1 X85.127 Y116.137 E448.61086
G1 X84.948 Y112.793 E448.72783
G1 X85.776 Y109.518 E448.84578
G1 X87.113 Y106.523 E448.96035
G1 X88.604 Y103.808 E449.06849
G1 X90.096 Y101.288 E449.17078
G1 X91.561 Y98.86 E449.26983
G1 X93.029 Y96.433 E449.36887
G1 X94.566 Y93.94 E449.47116
G1 X96.276 Y91.358 E449.57930
G1 X98.305 Y88.78 E449.69387
G1 X100.819 Y86.525 E449.81182
G1 X103.863 Y85.127 E449.92879
G1 X107.207 Y84.948 E450.04577
G1 X110.482 Y85.776 E450.16372
G1 X113.477 Y87.113 E450.27829
G1 X116.192 Y88.604 E450.38643
G1 X118.712 Y90.096 E450.48872
G1 X121.14 Y91.561 E450.58776
G1 X123.567 Y93.029 E450.68680
G1 X126.06 Y94.566 E450.78910
G1 X128.642 Y96.276 E450.89724
G1 X131.22 Y98.305 E451.01181
G1 X133.475 Y100.819 E451.12976
G1 X134.873 Y103.863 E451.24673
G1 X135.052 Y107.207 E451.36370
G1 X134.224 Y110.482 E451.48165
G1 X132.887 Y113.477 E451.59622
G1 X131.396 Y116.192 E451.70436
G1 X129.904 Y118.712 E451.80666
G1 X128.439 Y121.14 E451.90570
G1 E451.10570 F2400
;LAYER_CHANGE
;Z:8.6
G1 Z9 F3000
G0 X128.661 Y121.615 F9000
G1 Z8.6 F3000
G1 E451.90570 F2400
G1 X128.661 Y121.615 F1800
G1 X127.13 Y124.07 E452.00675
G1 X125.529 Y126.594 E452.11112
G1 X123.75 Y129.205 E452.22146
G1 X121.644 Y131.807 E452.33835
G1 X119.049 Y134.074 E452.45869
G1 X115.925 Y135.459 E452.57804
G1 X112.51 Y135.596 E452.69739
G1 X109.181 Y134.707 E452.81774
G1 X106.143 Y133.302 E452.93463
G1 X103.394 Y131.745 E453.04497
G1 X100.843 Y130.188 E453.14934
G1 X98.385 Y128.661 E453.25039
G1 X95.93 Y127.13 E453.35144
G1 X93.406 Y125.529 E453.45581
G1 X90.795 Y123.75 E453.56615
G1 X88.193 Y121.644 E453.68304
G1 X85.926 Y119.049 E453.80339
G1 X84.541 Y115.925 E453.92274
G1 X84.404 Y112.51 E454.04209
G1 X85.293 Y109.181 E454.16243
G1 X86.698 Y106.143 E454.27932
G1 X88.255 Y103.394 E454.38966
G1 X89.812 Y100.843 E454.49403
G1 X91.339 Y98.385 E454.59508
G1 X92.87 Y95.93 E454.69614
G1 X94.471 Y93.406 E454.80051
G1 X96.25 Y90.795 E454.91084
G1 X98.356 Y88.193 E455.02774
G1 X100.951 Y85.926 E455.14808
G1 X104.075 Y84.541 E455.26743
G1 X107.49 Y84.404 E455.38678
G1 X110.819 Y85.293 E455.50712
G1 X113.857 Y86.698 E455.62402
G1 X116.606 Y88.255 E455.73435
G1 X119.157 Y89.812 E455.83873
G1 X121.615 Y91.339 E455.93978
G1 X124.07 Y92.87 E456.04083
G1 X126.594 Y94.471 E456.14520
G1 X129.205 Y96.25 E456.25554
G1 X131.807 Y98.356 E456.37243
G1 X134.074 Y100.951 E456.49277
G1 X135.459 Y104.075 E456.61212
G1 X135.596 Y107.49 E456.73147
G1 X134.707 Y110.819 E456.85182
G1 X133.302 Y113.857 E456.96871
G1 X131.745 Y116.606 E457.07905
G1 X130.188 Y119.157 E457.18342
G1 X128.661 Y121.615 E457.28447
G1 X128.279 Y121.377 F1800
G1 X126.78 Y123.782 E457.38345
G1 X125.211 Y126.254 E457.48569
G1 X123.468 Y128.811 E457.59376
G1 X121.406 Y131.36 E457.70827
G1 X118.864 Y133.581 E457.82615
G1 X115.804 Y134.937 E457.94305
G1 X112.459 Y135.072 E458.05996
G1 X109.198 Y134.201 E458.17784
G1 X106.222 Y132.825 E458.29234
G1 X103.529 Y131.3 E458.40042
G1 X101.03 Y129.775 E458.50265
G1 X98.623 Y128.279 E458.60163
G1 X96.218 Y126.78 E458.70062
G1 X93.746 Y125.211 E458.80285
G1 X91.189 Y123.468 E458.91093
G1 X88.64 Y121.406 E459.02543
G1 X86.419 Y118.864 E459.14331
G1 X85.063 Y115.804 E459.26021
G1 X84.928 Y112.459 E459.37712
G1 X85.799 Y109.198 E459.49500
G1 X87.175 Y106.222 E459.60950
G1 X88.7 Y103.529 E459.71758
G1 X90.225 Y101.03 E459.81981
G1 X91.721 Y98.623 E459.91880
G1 X93.22 Y96.218 E460.01778
G1 X94.789 Y93.746 E460.12001
G1 X96.532 Y91.189 E460.22809
G1 X98.594 Y88.64 E460.34259
G1 X101.136 Y86.419 E460.46047
G1 X104.196 Y85.063 E460.57738
G1 X107.541 Y84.928 E460.69428
G1 X110.802 Y85.799 E460.81216
G1 X113.778 Y87.175 E460.92666
G1 X116.471 Y88.7 E461.03474
G1 X118.97 Y90.225 E461.13698
G1 X121.377 Y91.721 E461.23596
G1 X123.782 Y93.22 E461.33494
G1 X126.254 Y94.789 E461.43718
G1 X128.811 Y96.532 E461.54525
G1 X131.36 Y98.594 E461.65976
G1 X133.581 Y101.136 E461.77763
G1 X134.937 Y104.196 E461.89454
G1 X135.072 Y107.541 E462.01145
G1 X134.201 Y110.802 E462.12933
G1 X132.825 Y113.778 E462.24383
G1 X131.3 Y116.471 E462.35190
G1 X129.775 Y118.97 E462.45414
G1 X128.279 Y121.377 E462.55312
G1 E461.75312 F2400
;LAYER_CHANGE
;Z:8.8
G1 Z9.2 F3000
G0 X128.489 Y121.851 F9000
G1 Z8.8 F3000
G1 E462.55312 F2400
G1 X128.489 Y121.851 F1800
G1 X126.928 Y124.284 E462.65409
G1 X125.294 Y126.784 E462.75837
G1 X123.482 Y129.368 E462.86861
G1 X121.344 Y131.94 E462.98540
G1 X118.722 Y134.171 E463.10564
G1 X115.582 Y135.513 E463.22489
G1 X112.169 Y135.605 E463.34414
G1 X108.854 Y134.673 E463.46438
G1 X105.838 Y133.229 E463.58117
G1 X103.112 Y131.637 E463.69141
G1 X100.584 Y130.048 E463.79569
G1 X98.149 Y128.489 E463.89666
G1 X95.716 Y126.928 E463.99762
G1 X93.216 Y125.294 E464.10190
G1 X90.632 Y123.482 E464.21214
G1 X88.06 Y121.344 E464.32894
G1 X85.829 Y118.722 E464.44918
G1 X84.487 Y115.582 E464.56842
G1 X84.395 Y112.169 E464.68767
G1 X85.327 Y108.854 E464.80791
G1 X86.771 Y105.838 E464.92470
G1 X88.363 Y103.112 E465.03495
G1 X89.952 Y100.584 E465.13923
G1 X91.511 Y98.149 E465.24019
G1 X93.072 Y95.716 E465.34116
G1 X94.706 Y93.216 E465.44544
G1 X96.518 Y90.632 E465.55568
G1 X98.656 Y88.06 E465.67247
G1 X101.278 Y85.829 E465.79271
G1 X104.418 Y84.487 E465.91196
G1 X107.831 Y84.395 E466.03121
G1 X111.146 Y85.327 E466.15145
G1 X114.162 Y86.771 E466.26824
G1 X116.888 Y88.363 E466.37848
G1 X119.416 Y89.952 E466.48276
G1 X121.851 Y91.511 E466.58373
G1 X124.284 Y93.072 E466.68469
G1 X126.784 Y94.706 E466.78897
G1 X129.368 Y96.518 E466.89921
G1 X131.94 Y98.656 E467.01601
G1 X134.171 Y101.278 E467.13625
G1 X135.513 Y104.418 E467.25549
G1 X135.605 Y107.831 E467.37474
G1 X134.673 Y111.146 E467.49498
G1 X133.229 Y114.162 E467.61177
G1 X131.637 Y116.888 E467.72202
G1 X130.048 Y119.416 E467.82630
G1 X128.489 Y121.851 E467.92726
G1 X128.11 Y121.608 F1800
G1 X126.581 Y123.991 E468.02616
G1 X124.981 Y126.44 E468.12830
G1 X123.206 Y128.972 E468.23628
G1 X121.112 Y131.491 E468.35068
G1 X118.543 Y133.676 E468.46846
G1 X115.468 Y134.99 E468.58526
G1 X112.124 Y135.08 E468.70207
G1 X108.878 Y134.167 E468.81984
G1 X105.923 Y132.753 E468.93424
G1 X103.253 Y131.194 E469.04223
G1 X100.777 Y129.637 E469.14437
G1 X98.392 Y128.11 E469.24327
G1 X96.009 Y126.581 E469.34216
G1 X93.56 Y124.981 E469.44431
G1 X91.028 Y123.206 E469.55229
G1 X88.509 Y121.112 E469.66669
G1 X86.324 Y118.543 E469.78447
G1 X85.01 Y115.468 E469.90127
G1 X84.92 Y112.124 E470.01807
G1 X85.833 Y108.878 E470.13585
G1 X87.247 Y105.923 E470.25025
G1 X88.806 Y103.253 E470.35823
G1 X90.363 Y100.777 E470.46038
G1 X91.89 Y98.392 E470.55927
G1 X93.419 Y96.009 E470.65817
G1 X95.019 Y93.56 E470.76031
G1 X96.794 Y91.028 E470.86829
G1 X98.888 Y88.509 E470.98269
G1 X101.457 Y86.324 E471.10047
G1 X104.532 Y85.01 E471.21727
G1 X107.876 Y84.92 E471.33408
G1 X111.122 Y85.833 E471.45185
G1 X114.077 Y87.247 E471.56625
G1 X116.747 Y88.806 E471.67424
G1 X119.223 Y90.363 E471.77638
G1 X121.608 Y91.89 E471.87528
G1 X123.991 Y93.419 E471.97417
G1 X126.44 Y95.019 E472.07632
G1 X128.972 Y96.794 E472.18430
G1 X131.491 Y98.888 E472.29870
G1 X133.676 Y101.457 E472.41648
G1 X134.99 Y104.532 E472.53328
G1 X135.08 Y107.876 E472.65008
G1 X134.167 Y111.122 E472.76786
G1 X132.753 Y114.077 E472.88226
G1 X131.194 Y116.747 E472.99024
G1 X129.637 Y119.223 E473.09239
G1 X128.11 Y121.608 E473.19128
G1 E472.39128 F2400
;LAYER_CHANGE
;Z:9
G1 Z9.4 F3000
G0 X128.31 Y122.081 F9000
G1 Z9 F3000
G1 E473.19128 F2400
G1 X128.31 Y122.081 F1800
G1 X126.718 Y124.49 E473.29213
G1 X125.053 Y126.965 E473.39629
G1 X123.209 Y129.523 E473.50641
G1 X121.04 Y132.063 E473.62307
G1 X118.391 Y134.257 E473.74317
G1 X115.238 Y135.555 E473.86228
G1 X111.827 Y135.602 E473.98139
G1 X108.529 Y134.627 E474.10149
G1 X105.536 Y133.145 E474.21815
G1 X102.834 Y131.519 E474.32826
G1 X100.33 Y129.899 E474.43243
G1 X97.919 Y128.31 E474.53327
G1 X95.51 Y126.718 E474.63412
G1 X93.035 Y125.053 E474.73829
G1 X90.477 Y123.209 E474.84840
G1 X87.937 Y121.04 E474.96506
G1 X85.743 Y118.391 E475.08516
G1 X84.445 Y115.238 E475.20427
G1 X84.398 Y111.827 E475.32338
G1 X85.373 Y108.529 E475.44348
G1 X86.855 Y105.536 E475.56014
G1 X88.481 Y102.834 E475.67026
G1 X90.101 Y100.33 E475.77442
G1 X91.69 Y97.919 E475.87527
G1 X93.282 Y95.51 E475.97612
G1 X94.947 Y93.035 E476.08028
G1 X96.791 Y90.477 E476.19039
G1 X98.96 Y87.937 E476.30705
G1 X101.609 Y85.743 E476.42715
G1 X104.762 Y84.445 E476.54626
G1 X108.173 Y84.398 E476.66538
G1 X111.471 Y85.373 E476.78548
G1 X114.464 Y86.855 E476.90214
G1 X117.166 Y88.481 E477.01225
G1 X119.67 Y90.101 E477.11641
G1 X122.081 Y91.69 E477.21726
G1 X124.49 Y93.282 E477.31811
G1 X126.965 Y94.947 E477.42227
G1 X129.523 Y96.791 E477.53239
G1 X132.063 Y98.96 E477.64905
G1 X134.257 Y101.609 E477.76915
G1 X135.555 Y104.762 E477.88826
G1 X135.602 Y108.173 E478.00737
G1 X134.627 Y111.471 E478.12747
G1 X133.145 Y114.464 E478.24413
G1 X131.519 Y117.166 E478.35424
G1 X129.899 Y119.67 E478.45841
G1 X128.31 Y122.081 E478.55926
G1 X127.934 Y121.833 F1800
G1 X126.375 Y124.193 E478.65803
G1 X124.744 Y126.617 E478.76006
G1 X122.938 Y129.123 E478.86792
G1 X120.813 Y131.611 E478.98218
G1 X118.219 Y133.759 E479.09982
G1 X115.13 Y135.031 E479.21649
G1 X111.79 Y135.077 E479.33315
G1 X108.559 Y134.122 E479.45079
G1 X105.627 Y132.67 E479.56506
G1 X102.981 Y131.078 E479.67291
G1 X100.529 Y129.49 E479.77494
G1 X98.167 Y127.934 E479.87372
G1 X95.807 Y126.375 E479.97250
G1 X93.383 Y124.744 E480.07452
G1 X90.877 Y122.938 E480.18238
G1 X88.389 Y120.813 E480.29665
G1 X86.241 Y118.219 E480.41428
G1 X84.969 Y115.13 E480.53095
G1 X84.923 Y111.79 E480.64762
G1 X85.878 Y108.559 E480.76525
G1 X87.33 Y105.627 E480.87952
G1 X88.922 Y102.981 E480.98738
G1 X90.51 Y100.529 E481.08940
G1 X92.066 Y98.167 E481.18818
G1 X93.625 Y95.807 E481.28696
G1 X95.256 Y93.383 E481.38899
G1 X97.062 Y90.877 E481.49684
G1 X99.187 Y88.389 E481.61111
G1 X101.781 Y86.241 E481.72875
G1 X104.87 Y84.969 E481.84541
G1 X108.21 Y84.923 E481.96208
G1 X111.441 Y85.878 E482.07972
G1 X114.373 Y87.33 E482.19399
G1 X117.019 Y88.922 E482.30184
G1 X119.471 Y90.51 E482.40387
G1 X121.833 Y92.066 E482.50265
G1 X124.193 Y93.625 E482.60143
G1 X126.617 Y95.256 E482.70345
G1 X129.123 Y97.062 E482.81131
G1 X131.611 Y99.187 E482.92557
G1 X133.759 Y101.781 E483.04321
G1 X135.031 Y104.87 E483.15988
G1 X135.077 Y108.21 E483.27654
G1 X134.122 Y111.441 E483.39418
G1 X132.67 Y114.373 E483.50845
G1 X131.078 Y117.019 E483.61630
G1 X129.49 Y119.471 E483.71833
G1 X127.934 Y121.833 E483.81711
G1 E483.01711 F2400
;LAYER_CHANGE
;Z:9.2
G1 Z9.6 F3000
G0 X128.122 Y122.305 F9000
G1 Z9.2 F3000
G1 E483.81711 F2400
G1 X128.122 Y122.305 F1800
G1 X126.501 Y124.69 E483.91781
G1 X124.806 Y127.139 E484.02183
G1 X122.931 Y129.668 E484.13178
G1 X120.731 Y132.176 E484.24828
G1 X118.057 Y134.331 E484.36821
G1 X114.891 Y135.586 E484.48715
G1 X111.486 Y135.587 E484.60609
G1 X108.205 Y134.57 E484.72601
G1 X105.236 Y133.051 E484.84251
G1 X102.56 Y131.391 E484.95246
G1 X100.081 Y129.74 E485.05648
G1 X97.695 Y128.122 E485.15718
G1 X95.31 Y126.501 E485.25789
G1 X92.861 Y124.806 E485.36190
G1 X90.332 Y122.931 E485.47185
G1 X87.824 Y120.731 E485.58835
G1 X85.669 Y118.057 E485.70828
G1 X84.414 Y114.891 E485.82722
G1 X84.413 Y111.486 E485.94616
G1 X85.43 Y108.205 E486.06609
G1 X86.949 Y105.236 E486.18258
G1 X88.609 Y102.56 E486.29254
G1 X90.26 Y100.081 E486.39655
G1 X91.878 Y97.695 E486.49725
G1 X93.499 Y95.31 E486.59796
G1 X95.194 Y92.861 E486.70197
G1 X97.069 Y90.332 E486.81193
G1 X99.269 Y87.824 E486.92842
G1 X101.943 Y85.669 E487.04835
G1 X105.109 Y84.414 E487.16729
G1 X108.514 Y84.413 E487.28623
G1 X111.795 Y85.43 E487.40616
G1 X114.764 Y86.949 E487.52265
G1 X117.44 Y88.609 E487.63261
G1 X119.919 Y90.26 E487.73662
G1 X122.305 Y91.878 E487.83732
G1 X124.69 Y93.499 E487.93803
G1 X127.139 Y95.194 E488.04204
G1 X129.668 Y97.069 E488.15200
G1 X132.176 Y99.269 E488.26849
G1 X134.331 Y101.943 E488.38842
G1 X135.586 Y105.109 E488.50736
G1 X135.587 Y108.514 E488.62630
G1 X134.57 Y111.795 E488.74623
G1 X133.051 Y114.764 E488.86272
G1 X131.391 Y117.44 E488.97268
G1 X129.74 Y119.919 E489.07669
G1 X128.122 Y122.305 E489.17740
G1 X127.75 Y122.052 F1800
G1 X126.162 Y124.388 E489.27603
G1 X124.502 Y126.787 E489.37791
G1 X122.665 Y129.264 E489.48560
G1 X120.511 Y131.72 E489.59970
G1 X117.892 Y133.831 E489.71717
G1 X114.791 Y135.06 E489.83367
G1 X111.455 Y135.062 E489.95016
G1 X108.242 Y134.066 E490.06763
G1 X105.334 Y132.577 E490.18173
G1 X102.713 Y130.952 E490.28943
G1 X100.285 Y129.335 E490.39130
G1 X97.948 Y127.75 E490.48994
G1 X95.612 Y126.162 E490.58857
G1 X93.213 Y124.502 E490.69045
G1 X90.736 Y122.665 E490.79815
G1 X88.28 Y120.511 E490.91225
G1 X86.169 Y117.892 E491.02971
G1 X84.94 Y114.791 E491.14621
G1 X84.938 Y111.455 E491.26270
G1 X85.934 Y108.242 E491.38017
G1 X87.423 Y105.334 E491.49427
G1 X89.048 Y102.713 E491.60197
G1 X90.665 Y100.285 E491.70384
G1 X92.25 Y97.948 E491.80248
G1 X93.838 Y95.612 E491.90111
G1 X95.498 Y93.213 E492.00299
G1 X97.335 Y90.736 E492.11069
G1 X99.489 Y88.28 E492.22479
G1 X102.108 Y86.169 E492.34225
G1 X105.209 Y84.94 E492.45875
G1 X108.545 Y84.938 E492.57525
G1 X111.758 Y85.934 E492.69271
G1 X114.666 Y87.423 E492.80681
G1 X117.287 Y89.048 E492.91451
G1 X119.715 Y90.665 E493.01638
G1 X122.052 Y92.25 E493.11502
G1 X124.388 Y93.838 E493.21366
G1 X126.787 Y95.498 E493.31553
G1 X129.264 Y97.335 E493.42323
G1 X131.72 Y99.489 E493.53733
G1 X133.831 Y102.108 E493.65479
G1 X135.06 Y105.209 E493.77129
G1 X135.062 Y108.545 E493.88779
G1 X134.066 Y111.758 E494.00525
G1 X132.577 Y114.666 E494.11935
G1 X130.952 Y117.287 E494.22705
G1 X129.335 Y119.715 E494.32893
G1 X127.75 Y122.052 E494.42756
G1 E493.62756 F2400
;LAYER_CHANGE
;Z:9.4
G1 Z9.8 F3000
G0 X127.926 Y122.523 F9000
G1 Z9.4 F3000
G1 E494.42756 F2400
G1 X127.926 Y122.523 F1800
G1 X126.276 Y124.882 E494.52809
G1 X124.552 Y127.304 E494.63193
G1 X122.647 Y129.804 E494.74170
G1 X120.418 Y132.278 E494.85799
G1 X117.721 Y134.394 E494.97771
G1 X114.544 Y135.604 E495.09645
G1 X111.144 Y135.561 E495.21518
G1 X107.884 Y134.502 E495.33491
G1 X104.94 Y132.946 E495.45120
G1 X102.291 Y131.254 E495.56097
G1 X99.838 Y129.574 E495.66480
G1 X97.477 Y127.926 E495.76533
G1 X95.118 Y126.276 E495.86586
G1 X92.696 Y124.552 E495.96970
G1 X90.196 Y122.647 E496.07947
G1 X87.722 Y120.418 E496.19576
G1 X85.606 Y117.721 E496.31548
G1 X84.396 Y114.544 E496.43422
G1 X84.439 Y111.144 E496.55295
G1 X85.498 Y107.884 E496.67268
G1 X87.054 Y104.94 E496.78897
G1 X88.746 Y102.291 E496.89874
G1 X90.426 Y99.838 E497.00257
G1 X92.074 Y97.477 E497.10310
G1 X93.724 Y95.118 E497.20364
G1 X95.448 Y92.696 E497.30747
G1 X97.353 Y90.196 E497.41724
G1 X99.582 Y87.722 E497.53353
G1 X102.279 Y85.606 E497.65326
G1 X105.456 Y84.396 E497.77199
G1 X108.856 Y84.439 E497.89073
G1 X112.116 Y85.498 E498.01045
G1 X115.06 Y87.054 E498.12674
G1 X117.709 Y88.746 E498.23651
G1 X120.162 Y90.426 E498.34035
G1 X122.523 Y92.074 E498.44088
G1 X124.882 Y93.724 E498.54141
G1 X127.304 Y95.448 E498.64524
G1 X129.804 Y97.353 E498.75501
G1 X132.278 Y99.582 E498.87130
G1 X134.394 Y102.279 E498.99103
G1 X135.604 Y105.456 E499.10976
G1 X135.561 Y108.856 E499.22850
G1 X134.502 Y112.116 E499.34822
G1 X132.946 Y115.06 E499.46451
G1 X131.254 Y117.709 E499.57428
G1 X129.574 Y120.162 E499.67812
G1 X127.926 Y122.523 E499.77865
G1 X127.557 Y122.265 F1800
G1 X125.942 Y124.575 E499.87711
G1 X124.253 Y126.948 E499.97881
G1 X122.387 Y129.396 E500.08632
G1 X120.204 Y131.819 E500.20022
G1 X117.562 Y133.892 E500.31748
G1 X114.45 Y135.078 E500.43377
G1 X111.121 Y135.035 E500.55006
G1 X107.927 Y133.998 E500.66732
G1 X105.044 Y132.474 E500.78122
G1 X102.449 Y130.817 E500.88873
G1 X100.047 Y129.171 E500.99043
G1 X97.735 Y127.557 E501.08889
G1 X95.425 Y125.942 E501.18735
G1 X93.052 Y124.253 E501.28905
G1 X90.604 Y122.387 E501.39656
G1 X88.181 Y120.204 E501.51046
G1 X86.108 Y117.562 E501.62772
G1 X84.922 Y114.45 E501.74401
G1 X84.965 Y111.121 E501.86030
G1 X86.002 Y107.927 E501.97756
G1 X87.526 Y105.044 E502.09146
G1 X89.183 Y102.449 E502.19897
G1 X90.829 Y100.047 E502.30067
G1 X92.443 Y97.735 E502.39913
G1 X94.058 Y95.425 E502.49759
G1 X95.747 Y93.052 E502.59929
G1 X97.613 Y90.604 E502.70680
G1 X99.796 Y88.181 E502.82070
G1 X102.438 Y86.108 E502.93796
G1 X105.55 Y84.922 E503.05425
G1 X108.879 Y84.965 E503.17054
G1 X112.073 Y86.002 E503.28780
G1 X114.956 Y87.526 E503.40170
G1 X117.551 Y89.183 E503.50921
G1 X119.953 Y90.829 E503.61091
G1 X122.265 Y92.443 E503.70937
G1 X124.575 Y94.058 E503.80784
G1 X126.948 Y95.747 E503.90953
G1 X129.396 Y97.613 E504.01704
G1 X131.819 Y99.796 E504.13094
G1 X133.892 Y102.438 E504.24820
G1 X135.078 Y105.55 E504.36449
G1 X135.035 Y108.879 E504.48079
G1 X133.998 Y112.073 E504.59805
G1 X132.474 Y114.956 E504.71195
G1 X130.817 Y117.551 E504.81946
G1 X129.171 Y119.953 E504.92115
G1 X127.557 Y122.265 E505.01962
G1 E504.21962 F2400
;LAYER_CHANGE
;Z:9.6
G1 Z10 F3000
G0 X127.723 Y122.734 F9000
G1 Z9.6 F3000
G1 E505.01962 F2400
G1 X127.723 Y122.734 F1800
G1 X126.046 Y125.066 E505.11995
G1 X124.293 Y127.46 E505.22357
G1 X122.359 Y129.93 E505.33312
G1 X120.102 Y132.369 E505.44918
G1 X117.382 Y134.445 E505.56867
G1 X114.196 Y135.611 E505.68716
G1 X110.804 Y135.523 E505.80566
G1 X107.564 Y134.423 E505.92515
G1 X104.647 Y132.832 E506.04121
G1 X102.026 Y131.108 E506.15076
G1 X99.6 Y129.398 E506.25438
G1 X97.266 Y127.723 E506.35471
G1 X94.934 Y126.046 E506.45504
G1 X92.54 Y124.293 E506.55867
G1 X90.07 Y122.359 E506.66822
G1 X87.631 Y120.102 E506.78428
G1 X85.555 Y117.382 E506.90376
G1 X84.389 Y114.196 E507.02226
G1 X84.477 Y110.804 E507.14076
G1 X85.577 Y107.564 E507.26024
G1 X87.168 Y104.647 E507.37630
G1 X88.892 Y102.026 E507.48585
G1 X90.602 Y99.6 E507.58948
G1 X92.277 Y97.266 E507.68981
G1 X93.954 Y94.934 E507.79014
G1 X95.707 Y92.54 E507.89377
G1 X97.641 Y90.07 E508.00332
G1 X99.898 Y87.631 E508.11938
G1 X102.618 Y85.555 E508.23886
G1 X105.804 Y84.389 E508.35736
G1 X109.196 Y84.477 E508.47586
G1 X112.436 Y85.577 E508.59534
G1 X115.353 Y87.168 E508.71140
G1 X117.974 Y88.892 E508.82095
G1 X120.4 Y90.602 E508.92458
G1 X122.734 Y92.277 E509.02491
G1 X125.066 Y93.954 E509.12524
G1 X127.46 Y95.707 E509.22887
G1 X129.93 Y97.641 E509.33841
G1 X132.369 Y99.898 E509.45447
G1 X134.445 Y102.618 E509.57396
G1 X135.611 Y105.804 E509.69246
G1 X135.523 Y109.196 E509.81096
G1 X134.423 Y112.436 E509.93044
G1 X132.832 Y115.353 E510.04650
G1 X131.108 Y117.974 E510.15605
G1 X129.398 Y120.4 E510.25968
G1 X127.723 Y122.734 E510.36001
G1 X127.358 Y122.471 F1800
G1 X125.715 Y124.755 E510.45827
G1 X123.998 Y127.1 E510.55976
G1 X122.104 Y129.519 E510.66705
G1 X119.894 Y131.908 E510.78071
G1 X117.23 Y133.941 E510.89774
G1 X114.109 Y135.083 E511.01379
G1 X110.787 Y134.996 E511.12984
G1 X107.614 Y133.92 E511.24686
G1 X104.757 Y132.361 E511.36053
G1 X102.19 Y130.673 E511.46782
G1 X99.815 Y128.998 E511.56931
G1 X97.529 Y127.358 E511.66757
G1 X95.245 Y125.715 E511.76584
G1 X92.9 Y123.998 E511.86733
G1 X90.481 Y122.104 E511.97462
G1 X88.092 Y119.894 E512.08828
G1 X86.059 Y117.23 E512.20530
G1 X84.917 Y114.109 E512.32136
G1 X85.004 Y110.787 E512.43741
G1 X86.08 Y107.614 E512.55443
G1 X87.639 Y104.757 E512.66810
G1 X89.327 Y102.19 E512.77539
G1 X91.002 Y99.815 E512.87688
G1 X92.642 Y97.529 E512.97514
G1 X94.285 Y95.245 E513.07340
G1 X96.002 Y92.9 E513.17489
G1 X97.896 Y90.481 E513.28218
G1 X100.106 Y88.092 E513.39585
G1 X102.77 Y86.059 E513.51287
G1 X105.891 Y84.917 E513.62893
G1 X109.213 Y85.004 E513.74498
G1 X112.386 Y86.08 E513.86200
G1 X115.243 Y87.639 E513.97567
G1 X117.81 Y89.327 E514.08296
G1 X120.185 Y91.002 E514.18445
G1 X122.471 Y92.642 E514.28271
G1 X124.755 Y94.285 E514.38097
G1 X127.1 Y96.002 E514.48246
G1 X129.519 Y97.896 E514.58975
G1 X131.908 Y100.106 E514.70342
G1 X133.941 Y102.77 E514.82044
G1 X135.083 Y105.891 E514.93649
G1 X134.996 Y109.213 E515.05255
G1 X133.92 Y112.386 E515.16957
G1 X132.361 Y115.243 E515.28324
G1 X130.673 Y117.81 E515.39053
G1 X128.998 Y120.185 E515.49202
G1 X127.358 Y122.471 E515.59028
G1 E514.79028 F2400
;LAYER_CHANGE
;Z:9.8
G1 Z10.2 F3000
G0 X127.513 Y122.938 F9000
G1 Z9.8 F3000
G1 E515.59028 F2400
G1 X127.513 Y122.938 F1800
G1 X125.808 Y125.242 E515.69038
G1 X124.028 Y127.608 E515.79377
G1 X122.066 Y130.046 E515.90307
G1 X119.782 Y132.45 E516.01886
G1 X117.041 Y134.485 E516.13808
G1 X113.847 Y135.606 E516.25630
G1 X110.464 Y135.473 E516.37453
G1 X107.247 Y134.333 E516.49374
G1 X104.357 Y132.707 E516.60954
G1 X101.765 Y130.953 E516.71884
G1 X99.368 Y129.215 E516.82223
G1 X97.062 Y127.513 E516.92233
G1 X94.758 Y125.808 E517.02243
G1 X92.392 Y124.028 E517.12582
G1 X89.954 Y122.066 E517.23512
G1 X87.55 Y119.782 E517.35092
G1 X85.515 Y117.041 E517.47013
G1 X84.394 Y113.847 E517.58836
G1 X84.527 Y110.464 E517.70659
G1 X85.667 Y107.247 E517.82580
G1 X87.293 Y104.357 E517.94159
G1 X89.047 Y101.765 E518.05089
G1 X90.785 Y99.368 E518.15428
G1 X92.487 Y97.062 E518.25439
G1 X94.192 Y94.758 E518.35449
G1 X95.972 Y92.392 E518.45788
G1 X97.934 Y89.954 E518.56718
G1 X100.218 Y87.55 E518.68297
G1 X102.959 Y85.515 E518.80218
G1 X106.153 Y84.394 E518.92041
G1 X109.536 Y84.527 E519.03864
G1 X112.753 Y85.667 E519.15785
G1 X115.643 Y87.293 E519.27365
G1 X118.235 Y89.047 E519.38295
G1 X120.632 Y90.785 E519.48634
G1 X122.938 Y92.487 E519.58644
G1 X125.242 Y94.192 E519.68654
G1 X127.608 Y95.972 E519.78993
G1 X130.046 Y97.934 E519.89923
G1 X132.45 Y100.218 E520.01503
G1 X134.485 Y102.959 E520.13424
G1 X135.606 Y106.153 E520.25247
G1 X135.473 Y109.536 E520.37069
G1 X134.333 Y112.753 E520.48991
G1 X132.707 Y115.643 E520.60570
G1 X130.953 Y118.235 E520.71500
G1 X129.215 Y120.632 E520.81839
G1 X127.513 Y122.938 E520.91849
G1 X127.151 Y122.671 F1800
G1 X125.482 Y124.927 E521.01653
G1 X123.738 Y127.244 E521.11778
G1 X121.817 Y129.632 E521.22482
G1 X119.58 Y131.986 E521.33822
G1 X116.896 Y133.979 E521.45497
G1 X113.768 Y135.077 E521.57076
G1 X110.455 Y134.946 E521.68654
G1 X107.304 Y133.83 E521.80329
G1 X104.474 Y132.237 E521.91669
G1 X101.935 Y130.52 E522.02373
G1 X99.588 Y128.818 E522.12498
G1 X97.329 Y127.151 E522.22302
G1 X95.073 Y125.482 E522.32105
G1 X92.756 Y123.738 E522.42230
G1 X90.368 Y121.817 E522.52934
G1 X88.014 Y119.58 E522.64275
G1 X86.021 Y116.896 E522.75950
G1 X84.923 Y113.768 E522.87528
G1 X85.054 Y110.455 E522.99106
G1 X86.17 Y107.304 E523.10781
G1 X87.763 Y104.474 E523.22121
G1 X89.48 Y101.935 E523.32826
G1 X91.182 Y99.588 E523.42951
G1 X92.849 Y97.329 E523.52754
G1 X94.518 Y95.073 E523.62557
G1 X96.262 Y92.756 E523.72683
G1 X98.183 Y90.368 E523.83387
G1 X100.42 Y88.014 E523.94727
G1 X103.104 Y86.021 E524.06402
G1 X106.232 Y84.923 E524.17980
G1 X109.545 Y85.054 E524.29559
G1 X112.696 Y86.17 E524.41234
G1 X115.526 Y87.763 E524.52574
G1 X118.065 Y89.48 E524.63278
G1 X120.412 Y91.182 E524.73403
G1 X122.671 Y92.849 E524.83207
G1 X124.927 Y94.518 E524.93010
G1 X127.244 Y96.262 E525.03135
G1 X129.632 Y98.183 E525.13839
G1 X131.986 Y100.42 E525.25180
G1 X133.979 Y103.104 E525.36854
G1 X135.077 Y106.232 E525.48433
G1 X134.946 Y109.545 E525.60011
G1 X133.83 Y112.696 E525.71686
G1 X132.237 Y115.526 E525.83026
G1 X130.52 Y118.065 E525.93730
G1 X128.818 Y120.412 E526.03856
G1 X127.151 Y122.671 E526.13659
G1 E525.33659 F2400
;LAYER_CHANGE
;Z:10
G1 Z10.4 F3000
G0 X127.296 Y123.135 F9000
G1 Z10 F3000
G1 E526.13659 F2400
G1 X127.296 Y123.135 F1800
G1 X125.565 Y125.411 E526.23644
G1 X123.758 Y127.747 E526.33956
G1 X121.769 Y130.153 E526.44858
G1 X119.459 Y132.52 E526.56408
G1 X116.699 Y134.513 E526.68299
G1 X113.498 Y135.589 E526.80091
G1 X110.126 Y135.412 E526.91884
G1 X106.932 Y134.232 E527.03774
G1 X104.072 Y132.572 E527.15324
G1 X101.51 Y130.788 E527.26226
G1 X99.143 Y129.023 E527.36539
G1 X96.865 Y127.296 E527.46524
G1 X94.589 Y125.565 E527.56508
G1 X92.253 Y123.758 E527.66821
G1 X89.847 Y121.769 E527.77723
G1 X87.48 Y119.459 E527.89273
G1 X85.487 Y116.699 E528.01163
G1 X84.411 Y113.498 E528.12956
G1 X84.588 Y110.126 E528.24748
G1 X85.768 Y106.932 E528.36639
G1 X87.428 Y104.072 E528.48189
G1 X89.212 Y101.51 E528.59091
G1 X90.977 Y99.143 E528.69403
G1 X92.704 Y96.865 E528.79388
G1 X94.435 Y94.589 E528.89373
G1 X96.242 Y92.253 E528.99685
G1 X98.231 Y89.847 E529.10587
G1 X100.541 Y87.48 E529.22137
G1 X103.301 Y85.487 E529.34028
G1 X106.502 Y84.411 E529.45820
G1 X109.874 Y84.588 E529.57613
G1 X113.068 Y85.768 E529.69503
G1 X115.928 Y87.428 E529.81053
G1 X118.49 Y89.212 E529.91955
G1 X120.857 Y90.977 E530.02268
G1 X123.135 Y92.704 E530.12253
G1 X125.411 Y94.435 E530.22237
G1 X127.747 Y96.242 E530.32550
G1 X130.153 Y98.231 E530.43452
G1 X132.52 Y100.541 E530.55002
G1 X134.513 Y103.301 E530.66892
G1 X135.589 Y106.502 E530.78685
G1 X135.412 Y109.874 E530.90477
G1 X134.232 Y113.068 E531.02368
G1 X132.572 Y115.928 E531.13918
G1 X130.788 Y118.49 E531.24820
G1 X129.023 Y120.857 E531.35133
G1 X127.296 Y123.135 E531.45117
G1 X126.937 Y122.863 F1800
G1 X125.243 Y125.092 E531.54895
G1 X123.473 Y127.379 E531.64994
G1 X121.525 Y129.735 E531.75670
G1 X119.263 Y132.053 E531.86980
G1 X116.56 Y134.005 E531.98625
G1 X113.426 Y135.059 E532.10173
G1 X110.124 Y134.885 E532.21721
G1 X106.996 Y133.73 E532.33365
G1 X104.195 Y132.104 E532.44676
G1 X101.686 Y130.358 E532.55352
G1 X99.368 Y128.629 E532.65451
G1 X97.137 Y126.937 E532.75229
G1 X94.908 Y125.243 E532.85006
G1 X92.621 Y123.473 E532.95105
G1 X90.265 Y121.525 E533.05781
G1 X87.947 Y119.263 E533.17092
G1 X85.995 Y116.56 E533.28736
G1 X84.941 Y113.426 E533.40284
G1 X85.115 Y110.124 E533.51833
G1 X86.27 Y106.996 E533.63477
G1 X87.896 Y104.195 E533.74788
G1 X89.642 Y101.686 E533.85464
G1 X91.371 Y99.368 E533.95562
G1 X93.063 Y97.137 E534.05340
G1 X94.757 Y94.908 E534.15118
G1 X96.527 Y92.621 E534.25217
G1 X98.475 Y90.265 E534.35893
G1 X100.737 Y87.947 E534.47203
G1 X103.44 Y85.995 E534.58848
G1 X106.574 Y84.941 E534.70396
G1 X109.876 Y85.115 E534.81944
G1 X113.004 Y86.27 E534.93588
G1 X115.805 Y87.896 E535.04899
G1 X118.314 Y89.642 E535.15575
G1 X120.632 Y91.371 E535.25674
G1 X122.863 Y93.063 E535.35452
G1 X125.092 Y94.757 E535.45229
G1 X127.379 Y96.527 E535.55328
G1 X129.735 Y98.475 E535.66004
G1 X132.053 Y100.737 E535.77315
G1 X134.005 Y103.44 E535.88959
G1 X135.059 Y106.574 E536.00507
G1 X134.885 Y109.876 E536.12056
G1 X133.73 Y113.004 E536.23700
G1 X132.104 Y115.805 E536.35011
G1 X130.358 Y118.314 E536.45687
G1 X128.629 Y120.632 E536.55786
G1 X126.937 Y122.863 E536.65563
G1 E535.85563 F2400
;LAYER_CHANGE
;Z:10.2
G1 Z10.6 F3000
G0 X127.071 Y123.325 F9000
G1 Z10.2 F3000
G1 E536.65563 F2400
G1 X127.071 Y123.325 F1800
G1 X125.316 Y125.572 E536.75519
G1 X123.483 Y127.877 E536.85803
G1 X121.468 Y130.249 E536.96674
G1 X119.134 Y132.579 E537.08191
G1 X116.355 Y134.53 E537.20048
G1 X113.15 Y135.561 E537.31807
G1 X109.79 Y135.339 E537.43566
G1 X106.621 Y134.121 E537.55423
G1 X103.791 Y132.428 E537.66940
G1 X101.26 Y130.615 E537.77811
G1 X98.923 Y128.824 E537.88095
G1 X96.675 Y127.071 E537.98051
G1 X94.428 Y125.316 E538.08007
G1 X92.123 Y123.483 E538.18290
G1 X89.751 Y121.468 E538.29161
G1 X87.421 Y119.134 E538.40679
G1 X85.47 Y116.355 E538.52536
G1 X84.439 Y113.15 E538.64295
G1 X84.661 Y109.79 E538.76054
G1 X85.879 Y106.621 E538.87911
G1 X87.572 Y103.791 E538.99428
G1 X89.385 Y101.26 E539.10299
G1 X91.176 Y98.923 E539.20582
G1 X92.929 Y96.675 E539.30539
G1 X94.684 Y94.428 E539.40495
G1 X96.517 Y92.123 E539.50778
G1 X98.532 Y89.751 E539.61649
G1 X100.866 Y87.421 E539.73166
G1 X103.645 Y85.47 E539.85023
G1 X106.85 Y84.439 E539.96782
G1 X110.21 Y84.661 E540.08542
G1 X113.379 Y85.879 E540.20398
G1 X116.209 Y87.572 E540.31916
G1 X118.74 Y89.385 E540.42787
G1 X121.077 Y91.176 E540.53070
G1 X123.325 Y92.929 E540.63026
G1 X125.572 Y94.684 E540.72982
G1 X127.877 Y96.517 E540.83266
G1 X130.249 Y98.532 E540.94137
G1 X132.579 Y100.866 E541.05654
G1 X134.53 Y103.645 E541.17511
G1 X135.561 Y106.85 E541.29270
G1 X135.339 Y110.21 E541.41029
G1 X134.121 Y113.379 E541.52886
G1 X132.428 Y116.209 E541.64403
G1 X130.615 Y118.74 E541.75274
G1 X128.824 Y121.077 E541.85558
G1 X127.071 Y123.325 E541.95514
G1 X126.717 Y123.049 F1800
G1 X124.998 Y125.248 E542.05263
G1 X123.203 Y127.505 E542.15333
G1 X121.23 Y129.828 E542.25978
G1 X118.944 Y132.11 E542.37256
G1 X116.223 Y134.02 E542.48867
G1 X113.084 Y135.029 E542.60381
G1 X109.794 Y134.812 E542.71896
G1 X106.691 Y133.62 E542.83507
G1 X103.92 Y131.962 E542.94784
G1 X101.442 Y130.187 E543.05430
G1 X99.153 Y128.433 E543.15499
G1 X96.951 Y126.717 E543.25249
G1 X94.752 Y124.998 E543.34998
G1 X92.495 Y123.203 E543.45068
G1 X90.172 Y121.23 E543.55713
G1 X87.89 Y118.944 E543.66991
G1 X85.98 Y116.223 E543.78601
G1 X84.971 Y113.084 E543.90116
G1 X85.188 Y109.794 E544.01631
G1 X86.38 Y106.691 E544.13241
G1 X88.038 Y103.92 E544.24519
G1 X89.813 Y101.442 E544.35164
G1 X91.567 Y99.153 E544.45234
G1 X93.283 Y96.951 E544.54983
G1 X95.002 Y94.752 E544.64733
G1 X96.797 Y92.495 E544.74802
G1 X98.77 Y90.172 E544.85447
G1 X101.056 Y87.89 E544.96725
G1 X103.777 Y85.98 E545.08336
G1 X106.916 Y84.971 E545.19851
G1 X110.206 Y85.188 E545.31365
G1 X113.309 Y86.38 E545.42976
G1 X116.08 Y88.038 E545.54254
G1 X118.558 Y89.813 E545.64899
G1 X120.847 Y91.567 E545.74969
G1 X123.049 Y93.283 E545.84718
G1 X125.248 Y95.002 E545.94467
G1 X127.505 Y96.797 E546.04537
G1 X129.828 Y98.77 E546.15182
G1 X132.11 Y101.056 E546.26460
G1 X134.02 Y103.777 E546.38071
G1 X135.029 Y106.916 E546.49585
G1 X134.812 Y110.206 E546.61100
G1 X133.62 Y113.309 E546.72711
G1 X131.962 Y116.08 E546.83989
G1 X130.187 Y118.558 E546.94634
G1 X128.433 Y120.847 E547.04703
G1 X126.717 Y123.049 E547.14453
G1 E546.34453 F2400
;LAYER_CHANGE
;Z:10.4
G1 Z10.8 F3000
G0 X126.841 Y123.508 F9000
G1 Z10.4 F3000
G1 E547.14453 F2400
G1 X126.841 Y123.508 F1800
G1 X125.061 Y125.724 E547.24378
G1 X123.204 Y127.998 E547.34629
G1 X121.164 Y130.336 E547.45466
G1 X118.807 Y132.627 E547.56948
G1 X116.011 Y134.535 E547.68768
G1 X112.802 Y135.52 E547.80490
G1 X109.456 Y135.255 E547.92213
G1 X106.313 Y133.999 E548.04033
G1 X103.514 Y132.274 E548.15514
G1 X101.016 Y130.434 E548.26352
G1 X98.71 Y128.618 E548.36603
G1 X96.492 Y126.841 E548.46528
G1 X94.276 Y125.061 E548.56453
G1 X92.002 Y123.204 E548.66705
G1 X89.664 Y121.164 E548.77542
G1 X87.373 Y118.807 E548.89023
G1 X85.465 Y116.011 E549.00843
G1 X84.48 Y112.802 E549.12566
G1 X84.745 Y109.456 E549.24288
G1 X86.001 Y106.313 E549.36108
G1 X87.726 Y103.514 E549.47590
G1 X89.566 Y101.016 E549.58427
G1 X91.382 Y98.71 E549.68678
G1 X93.159 Y96.492 E549.78604
G1 X94.939 Y94.276 E549.88529
G1 X96.796 Y92.002 E549.98780
G1 X98.836 Y89.664 E550.09617
G1 X101.193 Y87.373 E550.21099
G1 X103.989 Y85.465 E550.32919
G1 X107.198 Y84.48 E550.44641
G1 X110.544 Y84.745 E550.56364
G1 X113.687 Y86.001 E550.68184
G1 X116.486 Y87.726 E550.79665
G1 X118.984 Y89.566 E550.90503
G1 X121.29 Y91.382 E551.00754
G1 X123.508 Y93.159 E551.10679
G1 X125.724 Y94.939 E551.20604
G1 X127.998 Y96.796 E551.30856
G1 X130.336 Y98.836 E551.41693
G1 X132.627 Y101.193 E551.53174
G1 X134.535 Y103.989 E551.64994
G1 X135.52 Y107.198 E551.76717
G1 X135.255 Y110.544 E551.88439
G1 X133.999 Y113.687 E552.00259
G1 X132.274 Y116.486 E552.11741
G1 X130.434 Y118.984 E552.22578
G1 X128.618 Y121.29 E552.32829
G1 X126.841 Y123.508 E552.42755
G1 X126.49 Y123.227 F1800
G1 X124.747 Y125.397 E552.52473
G1 X122.929 Y127.623 E552.62511
G1 X120.931 Y129.912 E552.73122
G1 X118.623 Y132.156 E552.84364
G1 X115.886 Y134.024 E552.95938
G1 X112.744 Y134.988 E553.07416
G1 X109.467 Y134.729 E553.18894
G1 X106.39 Y133.499 E553.30468
G1 X103.65 Y131.81 E553.41710
G1 X101.203 Y130.008 E553.52321
G1 X98.945 Y128.23 E553.62359
G1 X96.773 Y126.49 E553.72077
G1 X94.603 Y124.747 E553.81795
G1 X92.377 Y122.929 E553.91833
G1 X90.088 Y120.931 E554.02444
G1 X87.844 Y118.623 E554.13686
G1 X85.976 Y115.886 E554.25260
G1 X85.012 Y112.744 E554.36738
G1 X85.271 Y109.467 E554.48216
G1 X86.501 Y106.39 E554.59790
G1 X88.19 Y103.65 E554.71032
G1 X89.992 Y101.203 E554.81644
G1 X91.77 Y98.945 E554.91681
G1 X93.51 Y96.773 E555.01400
G1 X95.253 Y94.603 E555.11118
G1 X97.071 Y92.377 E555.21156
G1 X99.069 Y90.088 E555.31767
G1 X101.377 Y87.844 E555.43009
G1 X104.114 Y85.976 E555.54583
G1 X107.256 Y85.012 E555.66061
G1 X110.533 Y85.271 E555.77539
G1 X113.61 Y86.501 E555.89113
G1 X116.35 Y88.19 E556.00355
G1 X118.797 Y89.992 E556.10966
G1 X121.055 Y91.77 E556.21004
G1 X123.227 Y93.51 E556.30722
G1 X125.397 Y95.253 E556.40440
G1 X127.623 Y97.071 E556.50478
G1 X129.912 Y99.069 E556.61089
G1 X132.156 Y101.377 E556.72331
G1 X134.024 Y104.114 E556.83905
G1 X134.988 Y107.256 E556.95383
G1 X134.729 Y110.533 E557.06861
G1 X133.499 Y113.61 E557.18435
G1 X131.81 Y116.35 E557.29677
G1 X130.008 Y118.797 E557.40288
G1 X128.23 Y121.055 E557.50326
G1 X126.49 Y123.227 E557.60045
G1 E556.80045 F2400
;LAYER_CHANGE
;Z:10.6
G1 Z11 F3000
G0 X126.604 Y123.684 F9000
G1 Z10.6 F3000
G1 E557.60045 F2400
G1 X126.604 Y123.684 F1800
G1 X124.801 Y125.869 E557.69936
G1 X122.92 Y128.11 E557.80153
G1 X120.857 Y130.413 E557.90953
G1 X118.477 Y132.665 E558.02396
G1 X115.666 Y134.53 E558.14176
G1 X112.455 Y135.469 E558.25859
G1 X109.124 Y135.16 E558.37542
G1 X106.009 Y133.867 E558.49322
G1 X103.243 Y132.111 E558.60764
G1 X100.777 Y130.244 E558.71565
G1 X98.503 Y128.404 E558.81781
G1 X96.316 Y126.604 E558.91673
G1 X94.131 Y124.801 E559.01565
G1 X91.89 Y122.92 E559.11781
G1 X89.587 Y120.857 E559.22582
G1 X87.335 Y118.477 E559.34024
G1 X85.47 Y115.666 E559.45804
G1 X84.531 Y112.455 E559.57487
G1 X84.84 Y109.124 E559.69170
G1 X86.133 Y106.009 E559.80950
G1 X87.889 Y103.243 E559.92393
G1 X89.756 Y100.777 E560.03193
G1 X91.596 Y98.503 E560.13410
G1 X93.396 Y96.316 E560.23302
G1 X95.199 Y94.131 E560.33193
G1 X97.08 Y91.89 E560.43410
G1 X99.143 Y89.587 E560.54210
G1 X101.523 Y87.335 E560.65653
G1 X104.334 Y85.47 E560.77433
G1 X107.545 Y84.531 E560.89116
G1 X110.876 Y84.84 E561.00799
G1 X113.991 Y86.133 E561.12579
G1 X116.757 Y87.889 E561.24021
G1 X119.223 Y89.756 E561.34822
G1 X121.497 Y91.596 E561.45038
G1 X123.684 Y93.396 E561.54930
G1 X125.869 Y95.199 E561.64822
G1 X128.11 Y97.08 E561.75038
G1 X130.413 Y99.143 E561.85839
G1 X132.665 Y101.523 E561.97281
G1 X134.53 Y104.334 E562.09062
G1 X135.469 Y107.545 E562.20744
G1 X135.16 Y110.876 E562.32427
G1 X133.867 Y113.991 E562.44207
G1 X132.111 Y116.757 E562.55650
G1 X130.244 Y119.223 E562.66450
G1 X128.404 Y121.497 E562.76667
G1 X126.604 Y123.684 E562.86559
G1 X126.256 Y123.398 F1800
G1 X124.492 Y125.537 E562.96243
G1 X122.65 Y127.731 E563.06246
G1 X120.63 Y129.986 E563.16821
G1 X118.3 Y132.191 E563.28024
G1 X115.547 Y134.017 E563.39558
G1 X112.404 Y134.936 E563.50996
G1 X109.142 Y134.634 E563.62435
G1 X106.092 Y133.368 E563.73969
G1 X103.384 Y131.648 E563.85172
G1 X100.97 Y129.821 E563.95746
G1 X98.743 Y128.019 E564.05749
G1 X96.602 Y126.256 E564.15434
G1 X94.463 Y124.492 E564.25119
G1 X92.269 Y122.65 E564.35122
G1 X90.014 Y120.63 E564.45697
G1 X87.809 Y118.3 E564.56900
G1 X85.983 Y115.547 E564.68433
G1 X85.064 Y112.404 E564.79872
G1 X85.366 Y109.142 E564.91310
G1 X86.632 Y106.092 E565.02844
G1 X88.352 Y103.384 E565.14047
G1 X90.179 Y100.97 E565.24622
G1 X91.981 Y98.743 E565.34625
G1 X93.744 Y96.602 E565.44310
G1 X95.508 Y94.463 E565.53995
G1 X97.35 Y92.269 E565.63998
G1 X99.37 Y90.014 E565.74572
G1 X101.7 Y87.809 E565.85775
G1 X104.453 Y85.983 E565.97309
G1 X107.596 Y85.064 E566.08748
G1 X110.858 Y85.366 E566.20186
G1 X113.908 Y86.632 E566.31720
G1 X116.616 Y88.352 E566.42923
G1 X119.03 Y90.179 E566.53498
G1 X121.257 Y91.981 E566.63501
G1 X123.398 Y93.744 E566.73185
G1 X125.537 Y95.508 E566.82870
G1 X127.731 Y97.35 E566.92873
G1 X129.986 Y99.37 E567.03448
G1 X132.191 Y101.7 E567.14651
G1 X134.017 Y104.453 E567.26185
G1 X134.936 Y107.596 E567.37623
G1 X134.634 Y110.858 E567.49062
G1 X133.368 Y113.908 E567.60595
G1 X131.648 Y116.616 E567.71798
G1 X129.821 Y119.03 E567.82373
G1 X128.019 Y121.257 E567.92376
G1 X126.256 Y123.398 E568.02061
G1 E567.22061 F2400
;LAYER_CHANGE
;Z:10.8
G1 Z11.2 F3000
G0 X126.361 Y123.852 F9000
G1 Z10.8 F3000
G1 E568.02061 F2400
G1 X126.361 Y123.852 F1800
G1 X124.536 Y126.005 E568.11916
G1 X122.633 Y128.213 E568.22096
G1 X120.546 Y130.48 E568.32857
G1 X118.146 Y132.692 E568.44258
G1 X115.321 Y134.513 E568.55995
G1 X112.11 Y135.406 E568.67635
G1 X108.795 Y135.055 E568.79275
G1 X105.708 Y133.725 E568.91012
G1 X102.976 Y131.939 E569.02413
G1 X100.544 Y130.047 E569.13174
G1 X98.303 Y128.183 E569.23353
G1 X96.148 Y126.361 E569.33208
G1 X93.995 Y124.536 E569.43064
G1 X91.787 Y122.633 E569.53243
G1 X89.52 Y120.546 E569.64004
G1 X87.308 Y118.146 E569.75405
G1 X85.487 Y115.321 E569.87142
G1 X84.594 Y112.11 E569.98782
G1 X84.945 Y108.795 E570.10422
G1 X86.275 Y105.708 E570.22159
G1 X88.061 Y102.976 E570.33560
G1 X89.953 Y100.544 E570.44321
G1 X91.817 Y98.303 E570.54501
G1 X93.639 Y96.148 E570.64356
G1 X95.464 Y93.995 E570.74212
G1 X97.367 Y91.787 E570.84391
G1 X99.454 Y89.52 E570.95152
G1 X101.854 Y87.308 E571.06553
G1 X104.679 Y85.487 E571.18290
G1 X107.89 Y84.594 E571.29930
G1 X111.205 Y84.945 E571.41570
G1 X114.292 Y86.275 E571.53307
G1 X117.024 Y88.061 E571.64708
G1 X119.456 Y89.953 E571.75469
G1 X121.697 Y91.817 E571.85648
G1 X123.852 Y93.639 E571.95504
G1 X126.005 Y95.464 E572.05359
G1 X128.213 Y97.367 E572.15539
G1 X130.48 Y99.454 E572.26300
G1 X132.692 Y101.854 E572.37700
G1 X134.513 Y104.679 E572.49437
G1 X135.406 Y107.89 E572.61077
G1 X135.055 Y111.205 E572.72718
G1 X133.725 Y114.292 E572.84455
G1 X131.939 Y117.024 E572.95855
G1 X130.047 Y119.456 E573.06616
G1 X128.183 Y121.697 E573.16796
G1 X126.361 Y123.852 E573.26651
G1 X126.017 Y123.561 F1800
G1 X124.231 Y125.669 E573.36300
G1 X122.368 Y127.83 E573.46266
G1 X120.325 Y130.05 E573.56801
G1 X117.975 Y132.216 E573.67962
G1 X115.209 Y133.998 E573.79453
G1 X112.065 Y134.873 E573.90849
G1 X108.82 Y134.529 E574.02244
G1 X105.799 Y133.227 E574.13735
G1 X103.123 Y131.478 E574.24896
G1 X100.742 Y129.626 E574.35432
G1 X98.548 Y127.801 E574.45397
G1 X96.439 Y126.017 E574.55046
G1 X94.331 Y124.231 E574.64695
G1 X92.17 Y122.368 E574.74660
G1 X89.95 Y120.325 E574.85195
G1 X87.784 Y117.975 E574.96357
G1 X86.002 Y115.209 E575.07847
G1 X85.127 Y112.065 E575.19243
G1 X85.471 Y108.82 E575.30639
G1 X86.773 Y105.799 E575.42130
G1 X88.522 Y103.123 E575.53291
G1 X90.374 Y100.742 E575.63826
G1 X92.199 Y98.548 E575.73792
G1 X93.983 Y96.439 E575.83440
G1 X95.769 Y94.331 E575.93089
G1 X97.632 Y92.17 E576.03055
G1 X99.675 Y89.95 E576.13590
G1 X102.025 Y87.784 E576.24751
G1 X104.791 Y86.002 E576.36242
G1 X107.935 Y85.127 E576.47638
G1 X111.18 Y85.471 E576.59034
G1 X114.201 Y86.773 E576.70524
G1 X116.877 Y88.522 E576.81686
G1 X119.258 Y90.374 E576.92221
G1 X121.452 Y92.199 E577.02186
G1 X123.561 Y93.983 E577.11835
G1 X125.669 Y95.769 E577.21484
G1 X127.83 Y97.632 E577.31449
G1 X130.05 Y99.675 E577.41985
G1 X132.216 Y102.025 E577.53146
G1 X133.998 Y104.791 E577.64637
G1 X134.873 Y107.935 E577.76032
G1 X134.529 Y111.18 E577.87428
G1 X133.227 Y114.201 E577.98919
G1 X131.478 Y116.877 E578.10080
G1 X129.626 Y119.258 E578.20615
G1 X127.801 Y121.452 E578.30581
G1 X126.017 Y123.561 E578.40230
G1 E577.60230 F2400
;LAYER_CHANGE
;Z:11
G1 Z11.4 F3000
G0 X126.112 Y124.013 F9000
G1 Z11 F3000
G1 E578.40230 F2400
G1 X126.112 Y124.013 F1800
G1 X124.267 Y126.133 E578.50047
G1 X122.342 Y128.306 E578.60186
G1 X120.234 Y130.537 E578.70905
G1 X117.814 Y132.709 E578.82261
G1 X114.976 Y134.485 E578.93952
G1 X111.766 Y135.332 E579.05546
G1 X108.469 Y134.938 E579.17141
G1 X105.412 Y133.573 E579.28832
G1 X102.714 Y131.758 E579.40188
G1 X100.317 Y129.842 E579.50907
G1 X98.11 Y127.956 E579.61046
G1 X95.987 Y126.112 E579.70863
G1 X93.867 Y124.267 E579.80680
G1 X91.694 Y122.342 E579.90819
G1 X89.463 Y120.234 E580.01538
G1 X87.291 Y117.814 E580.12894
G1 X85.515 Y114.976 E580.24585
G1 X84.668 Y111.766 E580.36180
G1 X85.062 Y108.469 E580.47774
G1 X86.427 Y105.412 E580.59465
G1 X88.242 Y102.714 E580.70821
G1 X90.158 Y100.317 E580.81540
G1 X92.044 Y98.11 E580.91680
G1 X93.888 Y95.987 E581.01497
G1 X95.733 Y93.867 E581.11313
G1 X97.658 Y91.694 E581.21453
G1 X99.766 Y89.463 E581.32172
G1 X102.186 Y87.291 E581.43528
G1 X105.024 Y85.515 E581.55219
G1 X108.234 Y84.668 E581.66813
G1 X111.531 Y85.062 E581.78408
G1 X114.588 Y86.427 E581.90099
G1 X117.286 Y88.242 E582.01455
G1 X119.683 Y90.158 E582.12174
G1 X121.89 Y92.044 E582.22313
G1 X124.013 Y93.888 E582.32130
G1 X126.133 Y95.733 E582.41947
G1 X128.306 Y97.658 E582.52086
G1 X130.537 Y99.766 E582.62805
G1 X132.709 Y102.186 E582.74161
G1 X134.485 Y105.024 E582.85852
G1 X135.332 Y108.234 E582.97447
G1 X134.938 Y111.531 E583.09041
G1 X133.573 Y114.588 E583.20732
G1 X131.758 Y117.286 E583.32088
G1 X129.842 Y119.683 E583.42807
G1 X127.956 Y121.89 E583.52946
G1 X126.112 Y124.013 E583.62763
G1 X125.773 Y123.717 F1800
G1 X123.966 Y125.793 E583.72373
G1 X122.082 Y127.921 E583.82299
G1 X120.018 Y130.104 E583.92792
G1 X117.649 Y132.23 E584.03909
G1 X114.871 Y133.969 E584.15353
G1 X111.729 Y134.798 E584.26704
G1 X108.501 Y134.413 E584.38054
G1 X105.509 Y133.077 E584.49498
G1 X102.868 Y131.3 E584.60615
G1 X100.521 Y129.423 E584.71108
G1 X98.36 Y127.577 E584.81034
G1 X96.283 Y125.773 E584.90644
G1 X94.207 Y123.966 E585.00254
G1 X92.079 Y122.082 E585.10180
G1 X89.896 Y120.018 E585.20672
G1 X87.77 Y117.649 E585.31789
G1 X86.031 Y114.871 E585.43234
G1 X85.202 Y111.729 E585.54584
G1 X85.587 Y108.501 E585.65934
G1 X86.923 Y105.509 E585.77379
G1 X88.7 Y102.868 E585.88495
G1 X90.577 Y100.521 E585.98988
G1 X92.423 Y98.36 E586.08914
G1 X94.227 Y96.283 E586.18524
G1 X96.034 Y94.207 E586.28134
G1 X97.918 Y92.079 E586.38060
G1 X99.982 Y89.896 E586.48553
G1 X102.351 Y87.77 E586.59670
G1 X105.129 Y86.031 E586.71114
G1 X108.271 Y85.202 E586.82464
G1 X111.499 Y85.587 E586.93815
G1 X114.491 Y86.923 E587.05259
G1 X117.132 Y88.7 E587.16376
G1 X119.479 Y90.577 E587.26869
G1 X121.64 Y92.423 E587.36795
G1 X123.717 Y94.227 E587.46405
G1 X125.793 Y96.034 E587.56015
G1 X127.921 Y97.918 E587.65940
G1 X130.104 Y99.982 E587.76433
G1 X132.23 Y102.351 E587.87550
G1 X133.969 Y105.129 E587.98995
G1 X134.798 Y108.271 E588.10345
G1 X134.413 Y111.499 E588.21695
G1 X133.077 Y114.491 E588.33140
G1 X131.3 Y117.132 E588.44256
G1 X129.423 Y119.479 E588.54749
G1 X127.577 Y121.64 E588.64675
G1 X125.773 Y123.717 E588.74285
G1 E587.94285 F2400
;LAYER_CHANGE
;Z:11.2
G1 Z11.6 F3000
G0 X125.859 Y124.165 F9000
G1 Z11.2 F3000
G1 E588.74285 F2400
G1 X125.859 Y124.165 F1800
G1 X123.993 Y126.252 E588.84061
G1 X122.048 Y128.391 E588.94158
G1 X119.919 Y130.584 E589.04832
G1 X117.481 Y132.715 E589.16140
G1 X114.631 Y134.446 E589.27782
G1 X111.424 Y135.247 E589.39328
G1 X108.147 Y134.811 E589.50874
G1 X105.121 Y133.412 E589.62517
G1 X102.458 Y131.569 E589.73825
G1 X100.097 Y129.629 E589.84499
G1 X97.923 Y127.722 E589.94596
G1 X95.835 Y125.859 E590.04372
G1 X93.748 Y123.993 E590.14148
G1 X91.609 Y122.048 E590.24245
G1 X89.416 Y119.919 E590.34919
G1 X87.285 Y117.481 E590.46227
G1 X85.554 Y114.631 E590.57869
G1 X84.753 Y111.424 E590.69415
G1 X85.189 Y108.147 E590.80961
G1 X86.588 Y105.121 E590.92603
G1 X88.431 Y102.458 E591.03912
G1 X90.371 Y100.097 E591.14586
G1 X92.278 Y97.923 E591.24683
G1 X94.141 Y95.835 E591.34459
G1 X96.007 Y93.748 E591.44234
G1 X97.952 Y91.609 E591.54331
G1 X100.081 Y89.416 E591.65005
G1 X102.519 Y87.285 E591.76314
G1 X105.369 Y85.554 E591.87956
G1 X108.576 Y84.753 E591.99502
G1 X111.853 Y85.189 E592.11048
G1 X114.879 Y86.588 E592.22690
G1 X117.542 Y88.431 E592.33999
G1 X119.903 Y90.371 E592.44673
G1 X122.077 Y92.278 E592.54770
G1 X124.165 Y94.141 E592.64545
G1 X126.252 Y96.007 E592.74321
G1 X128.391 Y97.952 E592.84418
G1 X130.584 Y100.081 E592.95092
G1 X132.715 Y102.519 E593.06401
G1 X134.446 Y105.369 E593.18043
G1 X135.247 Y108.576 E593.29589
G1 X134.811 Y111.853 E593.41135
G1 X133.412 Y114.879 E593.52777
G1 X131.569 Y117.542 E593.64085
G1 X129.629 Y119.903 E593.74759
G1 X127.722 Y122.077 E593.84856
G1 X125.859 Y124.165 E593.94632
G1 X125.523 Y123.866 F1800
G1 X123.697 Y125.908 E594.04201
G1 X121.793 Y128.002 E594.14084
G1 X119.709 Y130.149 E594.24533
G1 X117.322 Y132.234 E594.35602
G1 X114.533 Y133.928 E594.46997
G1 X111.394 Y134.713 E594.58299
G1 X108.186 Y134.286 E594.69601
G1 X105.224 Y132.917 E594.80996
G1 X102.618 Y131.113 E594.92066
G1 X100.306 Y129.214 E595.02514
G1 X98.179 Y127.347 E595.12397
G1 X96.134 Y125.523 E595.21966
G1 X94.092 Y123.697 E595.31535
G1 X91.998 Y121.793 E595.41418
G1 X89.851 Y119.709 E595.51866
G1 X87.766 Y117.322 E595.62936
G1 X86.072 Y114.533 E595.74331
G1 X85.287 Y111.394 E595.85633
G1 X85.714 Y108.186 E595.96935
G1 X87.083 Y105.224 E596.08330
G1 X88.887 Y102.618 E596.19399
G1 X90.786 Y100.306 E596.29848
G1 X92.653 Y98.179 E596.39731
G1 X94.477 Y96.134 E596.49300
G1 X96.303 Y94.092 E596.58869
G1 X98.207 Y91.998 E596.68752
G1 X100.291 Y89.851 E596.79200
G1 X102.678 Y87.766 E596.90269
G1 X105.467 Y86.072 E597.01665
G1 X108.606 Y85.287 E597.12967
G1 X111.814 Y85.714 E597.24268
G1 X114.776 Y87.083 E597.35664
G1 X117.382 Y88.887 E597.46733
G1 X119.694 Y90.786 E597.57181
G1 X121.821 Y92.653 E597.67065
G1 X123.866 Y94.477 E597.76634
G1 X125.908 Y96.303 E597.86202
G1 X128.002 Y98.207 E597.96086
G1 X130.149 Y100.291 E598.06534
G1 X132.234 Y102.678 E598.17603
G1 X133.928 Y105.467 E598.28999
G1 X134.713 Y108.606 E598.40300
G1 X134.286 Y111.814 E598.51602
G1 X132.917 Y114.776 E598.62998
G1 X131.113 Y117.382 E598.74067
G1 X129.214 Y119.694 E598.84515
G1 X127.347 Y121.821 E598.94398
G1 X125.523 Y123.866 E599.03967
G1 E598.23967 F2400
;LAYER_CHANGE
;Z:11.4
G1 Z11.8 F3000
G0 X125.6 Y124.31 F9000
G1 Z11.4 F3000
G1 E599.03967 F2400
G1 X125.6 Y124.31 F1800
G1 X123.715 Y126.363 E599.13700
G1 X121.75 Y128.467 E599.23752
G1 X119.602 Y130.622 E599.34378
G1 X117.147 Y132.711 E599.45637
G1 X114.288 Y134.396 E599.57227
G1 X111.084 Y135.151 E599.68722
G1 X107.828 Y134.675 E599.80216
G1 X104.834 Y133.242 E599.91807
G1 X102.208 Y131.372 E600.03065
G1 X99.883 Y129.409 E600.13691
G1 X97.744 Y127.482 E600.23744
G1 X95.69 Y125.6 E600.33476
G1 X93.637 Y123.715 E600.43208
G1 X91.533 Y121.75 E600.53260
G1 X89.378 Y119.602 E600.63887
G1 X87.289 Y117.147 E600.75145
G1 X85.604 Y114.288 E600.86736
G1 X84.849 Y111.084 E600.98230
G1 X85.325 Y107.828 E601.09725
G1 X86.758 Y104.834 E601.21315
G1 X88.628 Y102.208 E601.32573
G1 X90.591 Y99.883 E601.43200
G1 X92.518 Y97.744 E601.53252
G1 X94.4 Y95.69 E601.62985
G1 X96.285 Y93.637 E601.72717
G1 X98.25 Y91.533 E601.82769
G1 X100.398 Y89.378 E601.93396
G1 X102.853 Y87.289 E602.04654
G1 X105.712 Y85.604 E602.16244
G1 X108.916 Y84.849 E602.27739
G1 X112.172 Y85.325 E602.39233
G1 X115.166 Y86.758 E602.50824
G1 X117.792 Y88.628 E602.62082
G1 X120.117 Y90.591 E602.72709
G1 X122.256 Y92.518 E602.82761
G1 X124.31 Y94.4 E602.92493
G1 X126.363 Y96.285 E603.02225
G1 X128.467 Y98.25 E603.12278
G1 X130.622 Y100.398 E603.22904
G1 X132.711 Y102.853 E603.34162
G1 X134.396 Y105.712 E603.45753
G1 X135.151 Y108.916 E603.57247
G1 X134.675 Y112.172 E603.68742
G1 X133.242 Y115.166 E603.80332
G1 X131.372 Y117.792 E603.91591
G1 X129.409 Y120.117 E604.02217
G1 X127.482 Y122.256 E604.12269
G1 X125.6 Y124.31 E604.22002
G1 X125.268 Y124.006 F1800
G1 X123.423 Y126.015 E604.31527
G1 X121.5 Y128.074 E604.41366
G1 X119.398 Y130.184 E604.51766
G1 X116.995 Y132.228 E604.62785
G1 X114.197 Y133.877 E604.74129
G1 X111.061 Y134.617 E604.85379
G1 X107.874 Y134.15 E604.96630
G1 X104.944 Y132.748 E605.07974
G1 X102.374 Y130.917 E605.18993
G1 X100.098 Y128.997 E605.29393
G1 X98.005 Y127.111 E605.39232
G1 X95.994 Y125.268 E605.48757
G1 X93.985 Y123.423 E605.58283
G1 X91.926 Y121.5 E605.68121
G1 X89.816 Y119.398 E605.78522
G1 X87.772 Y116.995 E605.89541
G1 X86.123 Y114.197 E606.00885
G1 X85.383 Y111.061 E606.12135
G1 X85.85 Y107.874 E606.23385
G1 X87.252 Y104.944 E606.34729
G1 X89.083 Y102.374 E606.45748
G1 X91.003 Y100.098 E606.56149
G1 X92.889 Y98.005 E606.65987
G1 X94.732 Y95.994 E606.75513
G1 X96.577 Y93.985 E606.85038
G1 X98.5 Y91.926 E606.94877
G1 X100.602 Y89.816 E607.05277
G1 X103.005 Y87.772 E607.16296
G1 X105.803 Y86.123 E607.27640
G1 X108.939 Y85.383 E607.38891
G1 X112.126 Y85.85 E607.50141
G1 X115.056 Y87.252 E607.61485
G1 X117.626 Y89.083 E607.72504
G1 X119.902 Y91.003 E607.82905
G1 X121.995 Y92.889 E607.92743
G1 X124.006 Y94.732 E608.02268
G1 X126.015 Y96.577 E608.11794
G1 X128.074 Y98.5 E608.21632
G1 X130.184 Y100.602 E608.32033
G1 X132.228 Y103.005 E608.43052
G1 X133.877 Y105.803 E608.54396
G1 X134.617 Y108.939 E608.65646
G1 X134.15 Y112.126 E608.76897
G1 X132.748 Y115.056 E608.88241
G1 X130.917 Y117.626 E608.99259
G1 X128.997 Y119.902 E609.09660
G1 X127.111 Y121.995 E609.19499
G1 X125.268 Y124.006 E609.29024
G1 E608.49024 F2400
;LAYER_CHANGE
;Z:11.6
G1 Z12 F3000
G0 X125.336 Y124.448 F9000
G1 Z11.6 F3000
G1 E609.29024 F2400
G1 X125.336 Y124.448 F1800
G1 X123.433 Y126.466 E609.38711
G1 X121.45 Y128.533 E609.48716
G1 X119.284 Y130.65 E609.59292
G1 X116.813 Y132.696 E609.70497
G1 X113.945 Y134.336 E609.82033
G1 X110.747 Y135.045 E609.93474
G1 X107.512 Y134.528 E610.04915
G1 X104.552 Y133.062 E610.16450
G1 X101.963 Y131.167 E610.27656
G1 X99.675 Y129.183 E610.38232
G1 X97.572 Y127.237 E610.48237
G1 X95.552 Y125.336 E610.57924
G1 X93.534 Y123.433 E610.67610
G1 X91.467 Y121.45 E610.77615
G1 X89.35 Y119.284 E610.88192
G1 X87.304 Y116.813 E610.99397
G1 X85.664 Y113.945 E611.10933
G1 X84.955 Y110.747 E611.22374
G1 X85.472 Y107.512 E611.33814
G1 X86.938 Y104.552 E611.45350
G1 X88.833 Y101.963 E611.56555
G1 X90.817 Y99.675 E611.67132
G1 X92.763 Y97.572 E611.77137
G1 X94.664 Y95.552 E611.86824
G1 X96.567 Y93.534 E611.96510
G1 X98.55 Y91.467 E612.06515
G1 X100.716 Y89.35 E612.17092
G1 X103.187 Y87.304 E612.28297
G1 X106.055 Y85.664 E612.39833
G1 X109.253 Y84.955 E612.51273
G1 X112.488 Y85.472 E612.62714
G1 X115.448 Y86.938 E612.74250
G1 X118.037 Y88.833 E612.85455
G1 X120.325 Y90.817 E612.96032
G1 X122.428 Y92.763 E613.06037
G1 X124.448 Y94.664 E613.15723
G1 X126.466 Y96.567 E613.25410
G1 X128.533 Y98.55 E613.35415
G1 X130.65 Y100.716 E613.45991
G1 X132.696 Y103.187 E613.57197
G1 X134.336 Y106.055 E613.68732
G1 X135.045 Y109.253 E613.80173
G1 X134.528 Y112.488 E613.91614
G1 X133.062 Y115.448 E614.03150
G1 X131.167 Y118.037 E614.14355
G1 X129.183 Y120.325 E614.24932
G1 X127.237 Y122.428 E614.34936
G1 X125.336 Y124.448 E614.44623
G1 X125.009 Y124.139 F1800
G1 X123.146 Y126.114 E614.54103
G1 X121.206 Y128.137 E614.63894
G1 X119.086 Y130.209 E614.74245
G1 X116.668 Y132.212 E614.85211
G1 X113.861 Y133.816 E614.96500
G1 X110.731 Y134.51 E615.07696
G1 X107.566 Y134.004 E615.18893
G1 X104.668 Y132.57 E615.30182
G1 X102.135 Y130.715 E615.41148
G1 X99.895 Y128.773 E615.51499
G1 X97.838 Y126.869 E615.61290
G1 X95.861 Y125.009 E615.70770
G1 X93.886 Y123.146 E615.80249
G1 X91.863 Y121.206 E615.90041
G1 X89.791 Y119.086 E616.00391
G1 X87.788 Y116.668 E616.11357
G1 X86.184 Y113.861 E616.22647
G1 X85.49 Y110.731 E616.33843
G1 X85.996 Y107.566 E616.45039
G1 X87.43 Y104.668 E616.56329
G1 X89.285 Y102.135 E616.67295
G1 X91.227 Y99.895 E616.77646
G1 X93.131 Y97.838 E616.87437
G1 X94.991 Y95.861 E616.96916
G1 X96.854 Y93.886 E617.06396
G1 X98.794 Y91.863 E617.16187
G1 X100.914 Y89.791 E617.26538
G1 X103.332 Y87.788 E617.37504
G1 X106.139 Y86.184 E617.48794
G1 X109.269 Y85.49 E617.59990
G1 X112.434 Y85.996 E617.71186
G1 X115.332 Y87.43 E617.82476
G1 X117.865 Y89.285 E617.93442
G1 X120.105 Y91.227 E618.03792
G1 X122.162 Y93.131 E618.13583
G1 X124.139 Y94.991 E618.23063
G1 X126.114 Y96.854 E618.32543
G1 X128.137 Y98.794 E618.42334
G1 X130.209 Y100.914 E618.52685
G1 X132.212 Y103.332 E618.63651
G1 X133.816 Y106.139 E618.74940
G1 X134.51 Y109.269 E618.86137
G1 X134.004 Y112.434 E618.97333
G1 X132.57 Y115.332 E619.08622
G1 X130.715 Y117.865 E619.19588
G1 X128.773 Y120.105 E619.29939
G1 X126.869 Y122.162 E619.39730
G1 X125.009 Y124.139 E619.49210
G1 E618.69210 F2400
;LAYER_CHANGE
;Z:11.8
G1 Z12.2 F3000
G0 X125.068 Y124.577 F9000
G1 Z11.8 F3000
G1 E619.49210 F2400
G1 X125.068 Y124.577 F1800
G1 X123.148 Y126.56 E619.58849
G1 X121.148 Y128.591 E619.68804
G1 X118.965 Y130.668 E619.79328
G1 X116.479 Y132.672 E619.90478
G1 X113.605 Y134.265 E620.01957
G1 X110.413 Y134.929 E620.13341
G1 X107.201 Y134.371 E620.24724
G1 X104.275 Y132.874 E620.36203
G1 X101.725 Y130.954 E620.47353
G1 X99.474 Y128.95 E620.57877
G1 X97.408 Y126.986 E620.67832
G1 X95.423 Y125.068 E620.77471
G1 X93.44 Y123.148 E620.87110
G1 X91.409 Y121.148 E620.97065
G1 X89.332 Y118.965 E621.07589
G1 X87.328 Y116.479 E621.18739
G1 X85.735 Y113.605 E621.30218
G1 X85.071 Y110.413 E621.41602
G1 X85.629 Y107.201 E621.52986
G1 X87.126 Y104.275 E621.64464
G1 X89.046 Y101.725 E621.75614
G1 X91.05 Y99.474 E621.86138
G1 X93.014 Y97.408 E621.96094
G1 X94.932 Y95.423 E622.05732
G1 X96.852 Y93.44 E622.15371
G1 X98.852 Y91.409 E622.25326
G1 X101.035 Y89.332 E622.35850
G1 X103.521 Y87.328 E622.47000
G1 X106.395 Y85.735 E622.58479
G1 X109.587 Y85.071 E622.69863
G1 X112.799 Y85.629 E622.81247
G1 X115.725 Y87.126 E622.92725
G1 X118.275 Y89.046 E623.03875
G1 X120.526 Y91.05 E623.14400
G1 X122.592 Y93.014 E623.24355
G1 X124.577 Y94.932 E623.33993
G1 X126.56 Y96.852 E623.43632
G1 X128.591 Y98.852 E623.53587
G1 X130.668 Y101.035 E623.64112
G1 X132.672 Y103.521 E623.75261
G1 X134.265 Y106.395 E623.86740
G1 X134.929 Y109.587 E623.98124
G1 X134.371 Y112.799 E624.09508
G1 X132.874 Y115.725 E624.20987
G1 X130.954 Y118.275 E624.32136
G1 X128.95 Y120.526 E624.42661
G1 X126.986 Y122.592 E624.52616
G1 X125.068 Y124.577 E624.62255
G1 X124.745 Y124.264 F1800
G1 X122.866 Y126.204 E624.71686
G1 X120.909 Y128.192 E624.81428
G1 X118.773 Y130.225 E624.91726
G1 X116.34 Y132.185 E625.02637
G1 X113.527 Y133.744 E625.13869
G1 X110.404 Y134.394 E625.25009
G1 X107.261 Y133.848 E625.36148
G1 X104.398 Y132.383 E625.47381
G1 X101.902 Y130.504 E625.58291
G1 X99.7 Y128.543 E625.68589
G1 X97.678 Y126.622 E625.78331
G1 X95.736 Y124.745 E625.87763
G1 X93.796 Y122.866 E625.97194
G1 X91.808 Y120.909 E626.06936
G1 X89.775 Y118.773 E626.17234
G1 X87.815 Y116.34 E626.28145
G1 X86.256 Y113.527 E626.39377
G1 X85.606 Y110.404 E626.50517
G1 X86.152 Y107.261 E626.61656
G1 X87.617 Y104.398 E626.72889
G1 X89.496 Y101.902 E626.83799
G1 X91.457 Y99.7 E626.94098
G1 X93.378 Y97.678 E627.03839
G1 X95.255 Y95.736 E627.13271
G1 X97.134 Y93.796 E627.22703
G1 X99.091 Y91.808 E627.32444
G1 X101.227 Y89.775 E627.42743
G1 X103.66 Y87.815 E627.53653
G1 X106.473 Y86.256 E627.64885
G1 X109.596 Y85.606 E627.76025
G1 X112.739 Y86.152 E627.87165
G1 X115.602 Y87.617 E627.98397
G1 X118.098 Y89.496 E628.09307
G1 X120.3 Y91.457 E628.19606
G1 X122.322 Y93.378 E628.29347
G1 X124.264 Y95.255 E628.38779
G1 X126.204 Y97.134 E628.48211
G1 X128.192 Y99.091 E628.57952
G1 X130.225 Y101.227 E628.68251
G1 X132.185 Y103.66 E628.79161
G1 X133.744 Y106.473 E628.90394
G1 X134.394 Y109.596 E629.01533
G1 X133.848 Y112.739 E629.12673
G1 X132.383 Y115.602 E629.23905
G1 X130.504 Y118.098 E629.34816
G1 X128.543 Y120.3 E629.45114
G1 X126.622 Y122.322 E629.54856
G1 X124.745 Y124.264 E629.64287
G1 E628.84287 F2400
;LAYER_CHANGE
;Z:12
G1 Z12.4 F3000
G0 X124.796 Y124.699 F9000
G1 Z12 F3000
G1 E629.64287 F2400
G1 X124.796 Y124.699 F1800
G1 X122.86 Y126.645 E629.73876
G1 X120.844 Y128.639 E629.83779
G1 X118.645 Y130.677 E629.94249
G1 X116.146 Y132.637 E630.05341
G1 X113.265 Y134.184 E630.16760
G1 X110.082 Y134.802 E630.28084
G1 X106.895 Y134.205 E630.39409
G1 X104.004 Y132.678 E630.50828
G1 X101.492 Y130.734 E630.61920
G1 X99.28 Y128.711 E630.72389
G1 X97.25 Y126.73 E630.82293
G1 X95.301 Y124.796 E630.91881
G1 X93.355 Y122.86 E631.01470
G1 X91.361 Y120.844 E631.11373
G1 X89.323 Y118.645 E631.21843
G1 X87.363 Y116.146 E631.32934
G1 X85.816 Y113.265 E631.44353
G1 X85.198 Y110.082 E631.55678
G1 X85.795 Y106.895 E631.67003
G1 X87.322 Y104.004 E631.78422
G1 X89.266 Y101.492 E631.89514
G1 X91.289 Y99.28 E631.99983
G1 X93.27 Y97.25 E632.09887
G1 X95.204 Y95.301 E632.19475
G1 X97.14 Y93.355 E632.29064
G1 X99.156 Y91.361 E632.38967
G1 X101.355 Y89.323 E632.49437
G1 X103.854 Y87.363 E632.60528
G1 X106.735 Y85.816 E632.71947
G1 X109.918 Y85.198 E632.83272
G1 X113.105 Y85.795 E632.94597
G1 X115.996 Y87.322 E633.06016
G1 X118.508 Y89.266 E633.17108
G1 X120.72 Y91.289 E633.27577
G1 X122.75 Y93.27 E633.37481
G1 X124.699 Y95.204 E633.47069
G1 X126.645 Y97.14 E633.56658
G1 X128.639 Y99.156 E633.66561
G1 X130.677 Y101.355 E633.77031
G1 X132.637 Y103.854 E633.88122
G1 X134.184 Y106.735 E633.99541
G1 X134.802 Y109.918 E634.10866
G1 X134.205 Y113.105 E634.22191
G1 X132.678 Y115.996 E634.33610
G1 X130.734 Y118.508 E634.44702
G1 X128.711 Y120.72 E634.55171
G1 X126.73 Y122.75 E634.65075
G1 X124.796 Y124.699 E634.74663
G1 X124.477 Y124.382 F1800
G1 X122.583 Y126.286 E634.84045
G1 X120.61 Y128.237 E634.93734
G1 X118.459 Y130.231 E635.03978
G1 X116.014 Y132.149 E635.14831
G1 X113.195 Y133.663 E635.26003
G1 X110.08 Y134.267 E635.37083
G1 X106.962 Y133.683 E635.48164
G1 X104.133 Y132.188 E635.59336
G1 X101.676 Y130.287 E635.70189
G1 X99.511 Y128.307 E635.80433
G1 X97.525 Y126.369 E635.90122
G1 X95.618 Y124.477 E635.99504
G1 X93.714 Y122.583 E636.08886
G1 X91.763 Y120.61 E636.18575
G1 X89.769 Y118.459 E636.28819
G1 X87.851 Y116.014 E636.39671
G1 X86.337 Y113.195 E636.50844
G1 X85.733 Y110.08 E636.61924
G1 X86.317 Y106.962 E636.73005
G1 X87.812 Y104.133 E636.84177
G1 X89.713 Y101.676 E636.95030
G1 X91.693 Y99.511 E637.05274
G1 X93.631 Y97.525 E637.14963
G1 X95.523 Y95.618 E637.24345
G1 X97.417 Y93.714 E637.33727
G1 X99.39 Y91.763 E637.43416
G1 X101.541 Y89.769 E637.53660
G1 X103.986 Y87.851 E637.64512
G1 X106.805 Y86.337 E637.75685
G1 X109.92 Y85.733 E637.86765
G1 X113.038 Y86.317 E637.97846
G1 X115.867 Y87.812 E638.09018
G1 X118.324 Y89.713 E638.19871
G1 X120.489 Y91.693 E638.30114
G1 X122.475 Y93.631 E638.39804
G1 X124.382 Y95.523 E638.49186
G1 X126.286 Y97.417 E638.58567
G1 X128.237 Y99.39 E638.68257
G1 X130.231 Y101.541 E638.78501
G1 X132.149 Y103.986 E638.89353
G1 X133.663 Y106.805 E639.00526
G1 X134.267 Y109.92 E639.11606
G1 X133.683 Y113.038 E639.22687
G1 X132.188 Y115.867 E639.33859
G1 X130.287 Y118.324 E639.44712
G1 X128.307 Y120.489 E639.54955
G1 X126.369 Y122.475 E639.64645
G1 X124.477 Y124.382 E639.74027
G1 E638.94027 F2400
;LAYER_CHANGE
;Z:12.2
G1 Z12.6 F3000
G0 X124.521 Y124.812 F9000
G1 Z12.2 F3000
G1 E639.74027 F2400
G1 X124.521 Y124.812 F1800
G1 X122.57 Y126.723 E639.83563
G1 X120.538 Y128.679 E639.93413
G1 X118.325 Y130.677 E640.03825
G1 X115.814 Y132.593 E640.14856
G1 X112.929 Y134.094 E640.26213
G1 X109.755 Y134.666 E640.37476
G1 X106.593 Y134.031 E640.48739
G1 X103.738 Y132.473 E640.60096
G1 X101.266 Y130.507 E640.71128
G1 X99.092 Y128.466 E640.81540
G1 X97.1 Y126.47 E640.91390
G1 X95.188 Y124.521 E641.00926
G1 X93.277 Y122.57 E641.10462
G1 X91.321 Y120.538 E641.20312
G1 X89.323 Y118.325 E641.30724
G1 X87.407 Y115.814 E641.41756
G1 X85.906 Y112.929 E641.53112
G1 X85.334 Y109.755 E641.64375
G1 X85.969 Y106.593 E641.75638
G1 X87.527 Y103.738 E641.86995
G1 X89.493 Y101.266 E641.98027
G1 X91.534 Y99.092 E642.08439
G1 X93.53 Y97.1 E642.18289
G1 X95.479 Y95.188 E642.27825
G1 X97.43 Y93.277 E642.37361
G1 X99.462 Y91.321 E642.47211
G1 X101.675 Y89.323 E642.57623
G1 X104.186 Y87.407 E642.68655
G1 X107.071 Y85.906 E642.80011
G1 X110.245 Y85.334 E642.91274
G1 X113.407 Y85.969 E643.02538
G1 X116.262 Y87.527 E643.13894
G1 X118.734 Y89.493 E643.24926
G1 X120.908 Y91.534 E643.35338
G1 X122.9 Y93.53 E643.45188
G1 X124.812 Y95.479 E643.54724
G1 X126.723 Y97.43 E643.64260
G1 X128.679 Y99.462 E643.74110
G1 X130.677 Y101.675 E643.84522
G1 X132.593 Y104.186 E643.95554
G1 X134.094 Y107.071 E644.06910
G1 X134.666 Y110.245 E644.18173
G1 X134.031 Y113.407 E644.29437
G1 X132.473 Y116.262 E644.40793
G1 X130.507 Y118.734 E644.51825
G1 X128.466 Y120.908 E644.62237
G1 X126.47 Y122.9 E644.72087
G1 X124.521 Y124.812 E644.81623
G1 X124.206 Y124.491 F1800
G1 X122.297 Y126.36 E644.90952
G1 X120.31 Y128.274 E645.00588
G1 X118.144 Y130.228 E645.10775
G1 X115.688 Y132.103 E645.21567
G1 X112.865 Y133.571 E645.32677
G1 X109.76 Y134.131 E645.43696
G1 X106.667 Y133.509 E645.54715
G1 X103.874 Y131.985 E645.65825
G1 X101.455 Y130.062 E645.76617
G1 X99.329 Y128.065 E645.86804
G1 X97.38 Y126.112 E645.96440
G1 X95.509 Y124.206 E646.05769
G1 X93.64 Y122.297 E646.15098
G1 X91.726 Y120.31 E646.24734
G1 X89.772 Y118.144 E646.34921
G1 X87.897 Y115.688 E646.45713
G1 X86.429 Y112.865 E646.56823
G1 X85.869 Y109.76 E646.67842
G1 X86.491 Y106.667 E646.78861
G1 X88.015 Y103.874 E646.89971
G1 X89.938 Y101.455 E647.00763
G1 X91.935 Y99.329 E647.10950
G1 X93.888 Y97.38 E647.20586
G1 X95.794 Y95.509 E647.29915
G1 X97.703 Y93.64 E647.39245
G1 X99.69 Y91.726 E647.48880
G1 X101.856 Y89.772 E647.59067
G1 X104.312 Y87.897 E647.69859
G1 X107.135 Y86.429 E647.80969
G1 X110.24 Y85.869 E647.91988
G1 X113.333 Y86.491 E648.03007
G1 X116.126 Y88.015 E648.14117
G1 X118.545 Y89.938 E648.24909
G1 X120.671 Y91.935 E648.35096
G1 X122.62 Y93.888 E648.44732
G1 X124.491 Y95.794 E648.54061
G1 X126.36 Y97.703 E648.63391
G1 X128.274 Y99.69 E648.73027
G1 X130.228 Y101.856 E648.83213
G1 X132.103 Y104.312 E648.94005
G1 X133.571 Y107.135 E649.05116
G1 X134.131 Y110.24 E649.16134
G1 X133.509 Y113.333 E649.27153
G1 X131.985 Y116.126 E649.38263
G1 X130.062 Y118.545 E649.49056
G1 X128.065 Y120.671 E649.59242
G1 X126.112 Y122.62 E649.68878
G1 X124.206 Y124.491 E649.78207
G1 E648.98207 F2400
;LAYER_CHANGE
;Z:12.4
G1 Z12.8 F3000
G0 X124.242 Y124.918 F9000
G1 Z12.4 F3000
G1 E649.78207 F2400
G1 X124.242 Y124.918 F1800
G1 X122.277 Y126.792 E649.87689
G1 X120.231 Y128.71 E649.97483
G1 X118.004 Y130.667 E650.07836
G1 X115.482 Y132.539 E650.18805
G1 X112.594 Y133.993 E650.30097
G1 X109.431 Y134.521 E650.41296
G1 X106.296 Y133.847 E650.52495
G1 X103.478 Y132.261 E650.63787
G1 X101.046 Y130.274 E650.74756
G1 X98.912 Y128.216 E650.85109
G1 X96.958 Y126.205 E650.94903
G1 X95.082 Y124.242 E651.04385
G1 X93.208 Y122.277 E651.13867
G1 X91.29 Y120.231 E651.23661
G1 X89.333 Y118.004 E651.34014
G1 X87.461 Y115.482 E651.44983
G1 X86.007 Y112.594 E651.56275
G1 X85.479 Y109.431 E651.67474
G1 X86.153 Y106.296 E651.78673
G1 X87.739 Y103.478 E651.89965
G1 X89.726 Y101.046 E652.00934
G1 X91.784 Y98.912 E652.11287
G1 X93.795 Y96.958 E652.21081
G1 X95.758 Y95.082 E652.30563
G1 X97.723 Y93.208 E652.40045
G1 X99.769 Y91.29 E652.49838
G1 X101.996 Y89.333 E652.60191
G1 X104.518 Y87.461 E652.71160
G1 X107.406 Y86.007 E652.82452
G1 X110.569 Y85.479 E652.93651
G1 X113.704 Y86.153 E653.04850
G1 X116.522 Y87.739 E653.16143
G1 X118.954 Y89.726 E653.27111
G1 X121.088 Y91.784 E653.37465
G1 X123.042 Y93.795 E653.47258
G1 X124.918 Y95.758 E653.56740
G1 X126.792 Y97.723 E653.66222
G1 X128.71 Y99.769 E653.76016
G1 X130.667 Y101.996 E653.86369
G1 X132.539 Y104.518 E653.97338
G1 X133.993 Y107.406 E654.08630
G1 X134.521 Y110.569 E654.19829
G1 X133.847 Y113.704 E654.31028
G1 X132.261 Y116.522 E654.42320
G1 X130.274 Y118.954 E654.53289
G1 X128.216 Y121.088 E654.63642
G1 X126.205 Y123.042 E654.73436
G1 X124.242 Y124.918 E654.82918
G1 X123.931 Y124.593 F1800
G1 X122.009 Y126.426 E654.92193
G1 X120.008 Y128.302 E655.01773
G1 X117.83 Y130.216 E655.11900
G1 X115.363 Y132.048 E655.22630
G1 X112.538 Y133.47 E655.33676
G1 X109.443 Y133.986 E655.44630
G1 X106.377 Y133.327 E655.55585
G1 X103.621 Y131.775 E655.66631
G1 X101.241 Y129.831 E655.77360
G1 X99.154 Y127.818 E655.87488
G1 X97.242 Y125.851 E655.97067
G1 X95.407 Y123.931 E656.06343
G1 X93.574 Y122.009 E656.15618
G1 X91.698 Y120.008 E656.25198
G1 X89.784 Y117.83 E656.35325
G1 X87.952 Y115.363 E656.46054
G1 X86.53 Y112.538 E656.57100
G1 X86.014 Y109.443 E656.68055
G1 X86.673 Y106.377 E656.79010
G1 X88.225 Y103.621 E656.90055
G1 X90.169 Y101.241 E657.00785
G1 X92.182 Y99.154 E657.10912
G1 X94.149 Y97.242 E657.20492
G1 X96.069 Y95.407 E657.29767
G1 X97.991 Y93.574 E657.39042
G1 X99.992 Y91.698 E657.48622
G1 X102.17 Y89.784 E657.58750
G1 X104.637 Y87.952 E657.69479
G1 X107.462 Y86.53 E657.80525
G1 X110.557 Y86.014 E657.91480
G1 X113.623 Y86.673 E658.02434
G1 X116.379 Y88.225 E658.13480
G1 X118.759 Y90.169 E658.24210
G1 X120.846 Y92.182 E658.34337
G1 X122.758 Y94.149 E658.43917
G1 X124.593 Y96.069 E658.53192
G1 X126.426 Y97.991 E658.62467
G1 X128.302 Y99.992 E658.72047
G1 X130.216 Y102.17 E658.82174
G1 X132.048 Y104.637 E658.92904
G1 X133.47 Y107.462 E659.03950
G1 X133.986 Y110.557 E659.14904
G1 X133.327 Y113.623 E659.25859
G1 X131.775 Y116.379 E659.36905
G1 X129.831 Y118.759 E659.47634
G1 X127.818 Y120.846 E659.57762
G1 X125.851 Y122.758 E659.67341
G1 X123.931 Y124.593 E659.76617
G1 E658.96617 F2400
;LAYER_CHANGE
;Z:12.6
G1 Z13 F3000
G0 X123.96 Y125.016 F9000
G1 Z12.6 F3000
G1 E659.76617 F2400
G1 X123.96 Y125.016 F1800
G1 X121.982 Y126.853 E659.86043
G1 X119.923 Y128.733 E659.95778
G1 X117.684 Y130.648 E660.06070
G1 X115.152 Y132.476 E660.16974
G1 X112.262 Y133.883 E660.28199
G1 X109.111 Y134.366 E660.39332
G1 X106.004 Y133.655 E660.50465
G1 X103.224 Y132.041 E660.61690
G1 X100.833 Y130.034 E660.72594
G1 X98.739 Y127.96 E660.82886
G1 X96.822 Y125.935 E660.92622
G1 X94.984 Y123.96 E661.02047
G1 X93.147 Y121.982 E661.11473
G1 X91.267 Y119.923 E661.21209
G1 X89.352 Y117.684 E661.31501
G1 X87.524 Y115.152 E661.42405
G1 X86.117 Y112.262 E661.53630
G1 X85.634 Y109.111 E661.64763
G1 X86.345 Y106.004 E661.75896
G1 X87.959 Y103.224 E661.87121
G1 X89.966 Y100.833 E661.98025
G1 X92.04 Y98.739 E662.08317
G1 X94.065 Y96.822 E662.18052
G1 X96.04 Y94.984 E662.27478
G1 X98.018 Y93.147 E662.36904
G1 X100.077 Y91.267 E662.46640
G1 X102.316 Y89.352 E662.56932
G1 X104.848 Y87.524 E662.67836
G1 X107.738 Y86.117 E662.79061
G1 X110.889 Y85.634 E662.90194
G1 X113.996 Y86.345 E663.01326
G1 X116.776 Y87.959 E663.12552
G1 X119.167 Y89.966 E663.23456
G1 X121.261 Y92.04 E663.33748
G1 X123.178 Y94.065 E663.43483
G1 X125.016 Y96.04 E663.52909
G1 X126.853 Y98.018 E663.62335
G1 X128.733 Y100.077 E663.72071
G1 X130.648 Y102.316 E663.82363
G1 X132.476 Y104.848 E663.93266
G1 X133.883 Y107.738 E664.04492
G1 X134.366 Y110.889 E664.15625
G1 X133.655 Y113.996 E664.26757
G1 X132.041 Y116.776 E664.37983
G1 X130.034 Y119.167 E664.48886
G1 X127.96 Y121.261 E664.59178
G1 X125.935 Y123.178 E664.68914
G1 X123.96 Y125.016 E664.78340
G1 X123.653 Y124.687 F1800
G1 X121.719 Y126.483 E664.87559
G1 X119.705 Y128.322 E664.97081
G1 X117.515 Y130.195 E665.07147
G1 X115.039 Y131.983 E665.17812
G1 X112.213 Y133.359 E665.28791
G1 X109.131 Y133.831 E665.39679
G1 X106.092 Y133.136 E665.50567
G1 X103.373 Y131.557 E665.61546
G1 X101.034 Y129.594 E665.72211
G1 X98.986 Y127.566 E665.82277
G1 X97.112 Y125.586 E665.91799
G1 X95.313 Y123.653 E666.01018
G1 X93.517 Y121.719 E666.10237
G1 X91.678 Y119.705 E666.19759
G1 X89.805 Y117.515 E666.29825
G1 X88.017 Y115.039 E666.40489
G1 X86.641 Y112.213 E666.51468
G1 X86.169 Y109.131 E666.62357
G1 X86.864 Y106.092 E666.73245
G1 X88.443 Y103.373 E666.84224
G1 X90.406 Y101.034 E666.94889
G1 X92.434 Y98.986 E667.04955
G1 X94.414 Y97.112 E667.14477
G1 X96.347 Y95.313 E667.23696
G1 X98.281 Y93.517 E667.32915
G1 X100.295 Y91.678 E667.42437
G1 X102.485 Y89.805 E667.52503
G1 X104.961 Y88.017 E667.63167
G1 X107.787 Y86.641 E667.74146
G1 X110.869 Y86.169 E667.85035
G1 X113.908 Y86.864 E667.95923
G1 X116.627 Y88.443 E668.06902
G1 X118.966 Y90.406 E668.17567
G1 X121.014 Y92.434 E668.27633
G1 X122.888 Y94.414 E668.37155
G1 X124.687 Y96.347 E668.46374
G1 X126.483 Y98.281 E668.55593
G1 X128.322 Y100.295 E668.65115
G1 X130.195 Y102.485 E668.75181
G1 X131.983 Y104.961 E668.85845
G1 X133.359 Y107.787 E668.96824
G1 X133.831 Y110.869 E669.07713
G1 X133.136 Y113.908 E669.18601
G1 X131.557 Y116.627 E669.29580
G1 X129.594 Y118.966 E669.40244
G1 X127.566 Y121.014 E669.50311
G1 X125.586 Y122.888 E669.59832
G1 X123.653 Y124.687 E669.69051
G1 E668.89051 F2400
;LAYER_CHANGE
;Z:12.8
G1 Z13.2 F3000
G0 X123.675 Y125.107 F9000
G1 Z12.8 F3000
G1 E669.69051 F2400
G1 X123.675 Y125.107 F1800
G1 X121.685 Y126.906 E669.78419
G1 X119.615 Y128.747 E669.88095
G1 X117.364 Y130.621 E669.98324
G1 X114.824 Y132.404 E670.09161
G1 X111.934 Y133.764 E670.20317
G1 X108.796 Y134.202 E670.31381
G1 X105.717 Y133.455 E670.42446
G1 X102.976 Y131.814 E670.53602
G1 X100.626 Y129.788 E670.64439
G1 X98.572 Y127.7 E670.74668
G1 X96.695 Y125.663 E670.84343
G1 X94.893 Y123.675 E670.93711
G1 X93.094 Y121.685 E671.03079
G1 X91.253 Y119.615 E671.12755
G1 X89.379 Y117.364 E671.22984
G1 X87.596 Y114.824 E671.33821
G1 X86.236 Y111.934 E671.44977
G1 X85.798 Y108.796 E671.56041
G1 X86.545 Y105.717 E671.67106
G1 X88.186 Y102.976 E671.78262
G1 X90.212 Y100.626 E671.89099
G1 X92.3 Y98.572 E671.99327
G1 X94.337 Y96.695 E672.09003
G1 X96.325 Y94.893 E672.18371
G1 X98.315 Y93.094 E672.27739
G1 X100.385 Y91.253 E672.37415
G1 X102.636 Y89.379 E672.47644
G1 X105.176 Y87.596 E672.58480
G1 X108.066 Y86.236 E672.69637
G1 X111.204 Y85.798 E672.80701
G1 X114.283 Y86.545 E672.91765
G1 X117.024 Y88.186 E673.02922
G1 X119.374 Y90.212 E673.13759
G1 X121.428 Y92.3 E673.23987
G1 X123.305 Y94.337 E673.33663
G1 X125.107 Y96.325 E673.43031
G1 X126.906 Y98.315 E673.52399
G1 X128.747 Y100.385 E673.62075
G1 X130.621 Y102.636 E673.72303
G1 X132.404 Y105.176 E673.83140
G1 X133.764 Y108.066 E673.94297
G1 X134.202 Y111.204 E674.05361
G1 X133.455 Y114.283 E674.16425
G1 X131.814 Y117.024 E674.27582
G1 X129.788 Y119.374 E674.38418
G1 X127.7 Y121.428 E674.48647
G1 X125.663 Y123.305 E674.58323
G1 X123.675 Y125.107 E674.67691
G1 X123.373 Y124.773 F1800
G1 X121.427 Y126.532 E674.76852
G1 X119.402 Y128.333 E674.86314
G1 X117.201 Y130.166 E674.96317
G1 X114.718 Y131.909 E675.06914
G1 X111.891 Y133.239 E675.17824
G1 X108.823 Y133.668 E675.28644
G1 X105.812 Y132.937 E675.39464
G1 X103.131 Y131.333 E675.50374
G1 X100.833 Y129.351 E675.60972
G1 X98.825 Y127.309 E675.70975
G1 X96.988 Y125.317 E675.80437
G1 X95.227 Y123.373 E675.89598
G1 X93.468 Y121.427 E675.98759
G1 X91.667 Y119.402 E676.08221
G1 X89.834 Y117.201 E676.18224
G1 X88.091 Y114.718 E676.28821
G1 X86.761 Y111.891 E676.39731
G1 X86.332 Y108.823 E676.50551
G1 X87.063 Y105.812 E676.61371
G1 X88.667 Y103.131 E676.72281
G1 X90.649 Y100.833 E676.82879
G1 X92.691 Y98.825 E676.92881
G1 X94.683 Y96.988 E677.02344
G1 X96.627 Y95.227 E677.11505
G1 X98.573 Y93.468 E677.20666
G1 X100.598 Y91.667 E677.30128
G1 X102.799 Y89.834 E677.40131
G1 X105.282 Y88.091 E677.50728
G1 X108.109 Y86.761 E677.61638
G1 X111.177 Y86.332 E677.72458
G1 X114.188 Y87.063 E677.83278
G1 X116.869 Y88.667 E677.94188
G1 X119.167 Y90.649 E678.04785
G1 X121.175 Y92.691 E678.14788
G1 X123.012 Y94.683 E678.24250
G1 X124.773 Y96.627 E678.33411
G1 X126.532 Y98.573 E678.42573
G1 X128.333 Y100.598 E678.52035
G1 X130.166 Y102.799 E678.62037
G1 X131.909 Y105.282 E678.72635
G1 X133.239 Y108.109 E678.83545
G1 X133.668 Y111.177 E678.94365
G1 X132.937 Y114.188 E679.05185
G1 X131.333 Y116.869 E679.16095
G1 X129.351 Y119.167 E679.26692
G1 X127.309 Y121.175 E679.36695
G1 X125.317 Y123.012 E679.46157
G1 X123.373 Y124.773 E679.55318
G1 E678.75318 F2400
;LAYER_CHANGE
;Z:13
G1 Z13.4 F3000
G0 X123.388 Y125.189 F9000
G1 Z13 F3000
G1 E679.55318 F2400
G1 X123.388 Y125.189 F1800
G1 X121.387 Y126.951 E679.64627
G1 X119.306 Y128.752 E679.74241
G1 X117.045 Y130.585 E679.84404
G1 X114.498 Y132.323 E679.95172
G1 X111.608 Y133.636 E680.06257
G1 X108.485 Y134.03 E680.17251
G1 X105.436 Y133.247 E680.28245
G1 X102.734 Y131.581 E680.39330
G1 X100.426 Y129.537 E680.50098
G1 X98.413 Y127.435 E680.60262
G1 X96.574 Y125.386 E680.69876
G1 X94.811 Y123.388 E680.79184
G1 X93.049 Y121.387 E680.88493
G1 X91.248 Y119.306 E680.98107
G1 X89.415 Y117.045 E681.08270
G1 X87.677 Y114.498 E681.19038
G1 X86.364 Y111.608 E681.30123
G1 X85.97 Y108.485 E681.41117
G1 X86.753 Y105.436 E681.52111
G1 X88.419 Y102.734 E681.63196
G1 X90.463 Y100.426 E681.73964
G1 X92.565 Y98.413 E681.84128
G1 X94.614 Y96.574 E681.93742
G1 X96.612 Y94.811 E682.03050
G1 X98.613 Y93.049 E682.12358
G1 X100.694 Y91.248 E682.21972
G1 X102.955 Y89.415 E682.32136
G1 X105.502 Y87.677 E682.42904
G1 X108.392 Y86.364 E682.53989
G1 X111.515 Y85.97 E682.64983
G1 X114.564 Y86.753 E682.75977
G1 X117.266 Y88.419 E682.87062
G1 X119.574 Y90.463 E682.97830
G1 X121.587 Y92.565 E683.07993
G1 X123.426 Y94.614 E683.17608
G1 X125.189 Y96.612 E683.26916
G1 X126.951 Y98.613 E683.36224
G1 X128.752 Y100.694 E683.45838
G1 X130.585 Y102.955 E683.56002
G1 X132.323 Y105.502 E683.66770
G1 X133.636 Y108.392 E683.77855
G1 X134.03 Y111.515 E683.88849
G1 X133.247 Y114.564 E683.99843
G1 X131.581 Y117.266 E684.10928
G1 X129.537 Y119.574 E684.21696
G1 X127.435 Y121.587 E684.31859
G1 X125.386 Y123.426 E684.41473
G1 X123.388 Y125.189 E684.50782
G1 X123.09 Y124.852 F1800
G1 X121.134 Y126.574 E684.59883
G1 X119.099 Y128.336 E684.69284
G1 X116.888 Y130.127 E684.79221
G1 X114.398 Y131.827 E684.89750
G1 X111.572 Y133.111 E685.00589
G1 X108.519 Y133.496 E685.11338
G1 X105.537 Y132.73 E685.22088
G1 X102.895 Y131.101 E685.32927
G1 X100.639 Y129.103 E685.43455
G1 X98.67 Y127.048 E685.53393
G1 X96.873 Y125.044 E685.62793
G1 X95.148 Y123.09 E685.71895
G1 X93.426 Y121.134 E685.80996
G1 X91.664 Y119.099 E685.90396
G1 X89.873 Y116.888 E686.00334
G1 X88.173 Y114.398 E686.10863
G1 X86.889 Y111.572 E686.21702
G1 X86.504 Y108.519 E686.32451
G1 X87.27 Y105.537 E686.43201
G1 X88.899 Y102.895 E686.54040
G1 X90.897 Y100.639 E686.64568
G1 X92.952 Y98.67 E686.74506
G1 X94.956 Y96.873 E686.83906
G1 X96.91 Y95.148 E686.93007
G1 X98.866 Y93.426 E687.02109
G1 X100.901 Y91.664 E687.11509
G1 X103.112 Y89.873 E687.21447
G1 X105.602 Y88.173 E687.31975
G1 X108.428 Y86.889 E687.42814
G1 X111.481 Y86.504 E687.53564
G1 X114.463 Y87.27 E687.64313
G1 X117.105 Y88.899 E687.75152
G1 X119.361 Y90.897 E687.85681
G1 X121.33 Y92.952 E687.95618
G1 X123.127 Y94.956 E688.05019
G1 X124.852 Y96.91 E688.14120
G1 X126.574 Y98.866 E688.23222
G1 X128.336 Y100.901 E688.32622
G1 X130.127 Y103.112 E688.42560
G1 X131.827 Y105.602 E688.53088
G1 X133.111 Y108.428 E688.63927
G1 X133.496 Y111.481 E688.74677
G1 X132.73 Y114.463 E688.85426
G1 X131.101 Y117.105 E688.96265
G1 X129.103 Y119.361 E689.06794
G1 X127.048 Y121.33 E689.16731
G1 X125.044 Y123.127 E689.26132
G1 X123.09 Y124.852 E689.35233
G1 E688.55233 F2400
;LAYER_CHANGE
;Z:13.2
G1 Z13.6 F3000
G0 X123.098 Y125.264 F9000
G1 Z13.2 F3000
G1 E689.35233 F2400
G1 X123.098 Y125.264 F1800
G1 X121.088 Y126.987 E689.44480
G1 X118.997 Y128.75 E689.54031
G1 X116.727 Y130.54 E689.64128
G1 X114.174 Y132.233 E689.74824
G1 X111.286 Y133.5 E689.85837
G1 X108.179 Y133.85 E689.96758
G1 X105.16 Y133.032 E690.07680
G1 X102.498 Y131.341 E690.18692
G1 X100.232 Y129.281 E690.29389
G1 X98.261 Y127.166 E690.39485
G1 X96.461 Y125.107 E690.49036
G1 X94.736 Y123.098 E690.58283
G1 X93.013 Y121.088 E690.67530
G1 X91.25 Y118.997 E690.77081
G1 X89.46 Y116.727 E690.87178
G1 X87.767 Y114.174 E690.97875
G1 X86.5 Y111.286 E691.08887
G1 X86.15 Y108.179 E691.19808
G1 X86.968 Y105.16 E691.30730
G1 X88.659 Y102.498 E691.41742
G1 X90.719 Y100.232 E691.52439
G1 X92.834 Y98.261 E691.62536
G1 X94.893 Y96.461 E691.72086
G1 X96.902 Y94.736 E691.81333
G1 X98.912 Y93.013 E691.90580
G1 X101.003 Y91.25 E692.00131
G1 X103.273 Y89.46 E692.10228
G1 X105.826 Y87.767 E692.20925
G1 X108.714 Y86.5 E692.31937
G1 X111.821 Y86.15 E692.42858
G1 X114.84 Y86.968 E692.53780
G1 X117.502 Y88.659 E692.64792
G1 X119.768 Y90.719 E692.75489
G1 X121.739 Y92.834 E692.85586
G1 X123.539 Y94.893 E692.95137
G1 X125.264 Y96.902 E693.04384
G1 X126.987 Y98.912 E693.13631
G1 X128.75 Y101.003 E693.23181
G1 X130.54 Y103.273 E693.33278
G1 X132.233 Y105.826 E693.43975
G1 X133.5 Y108.714 E693.54987
G1 X133.85 Y111.821 E693.65909
G1 X133.032 Y114.84 E693.76830
G1 X131.341 Y117.502 E693.87842
G1 X129.281 Y119.768 E693.98539
G1 X127.166 Y121.739 E694.08636
G1 X125.107 Y123.539 E694.18187
G1 X123.098 Y125.264 E694.27434
G1 X122.805 Y124.923 F1800
G1 X120.84 Y126.607 E694.36474
G1 X118.795 Y128.33 E694.45811
G1 X116.576 Y130.081 E694.55682
G1 X114.081 Y131.736 E694.66139
G1 X111.257 Y132.974 E694.76905
G1 X108.219 Y133.316 E694.87582
G1 X105.269 Y132.516 E694.98259
G1 X102.666 Y130.864 E695.09025
G1 X100.451 Y128.849 E695.19483
G1 X98.523 Y126.782 E695.29354
G1 X96.764 Y124.769 E695.38691
G1 X95.077 Y122.805 E695.47731
G1 X93.393 Y120.84 E695.56771
G1 X91.67 Y118.795 E695.66108
G1 X89.919 Y116.576 E695.75979
G1 X88.264 Y114.081 E695.86436
G1 X87.026 Y111.257 E695.97202
G1 X86.684 Y108.219 E696.07879
G1 X87.484 Y105.269 E696.18556
G1 X89.136 Y102.666 E696.29322
G1 X91.151 Y100.451 E696.39780
G1 X93.218 Y98.523 E696.49651
G1 X95.231 Y96.764 E696.58988
G1 X97.195 Y95.077 E696.68028
G1 X99.16 Y93.393 E696.77068
G1 X101.205 Y91.67 E696.86405
G1 X103.424 Y89.919 E696.96276
G1 X105.919 Y88.264 E697.06733
G1 X108.743 Y87.026 E697.17499
G1 X111.781 Y86.684 E697.28176
G1 X114.731 Y87.484 E697.38854
G1 X117.334 Y89.136 E697.49620
G1 X119.549 Y91.151 E697.60077
G1 X121.477 Y93.218 E697.69948
G1 X123.236 Y95.231 E697.79285
G1 X124.923 Y97.195 E697.88325
G1 X126.607 Y99.16 E697.97365
G1 X128.33 Y101.205 E698.06702
G1 X130.081 Y103.424 E698.16573
G1 X131.736 Y105.919 E698.27031
G1 X132.974 Y108.743 E698.37797
G1 X133.316 Y111.781 E698.48474
G1 X132.516 Y114.731 E698.59151
G1 X130.864 Y117.334 E698.69917
G1 X128.849 Y119.549 E698.80374
G1 X126.782 Y121.477 E698.90245
G1 X124.769 Y123.236 E698.99582
G1 X122.805 Y124.923 E699.08622
G1 E698.28622 F2400
;LAYER_CHANGE
;Z:13.4
G1 Z13.8 F3000
G0 X122.807 Y125.332 F9000
G1 Z13.4 F3000
G1 E699.08622 F2400
G1 X122.807 Y125.332 F1800
G1 X120.788 Y127.016 E699.17806
G1 X118.688 Y128.739 E699.27292
G1 X116.41 Y130.487 E699.37320
G1 X113.853 Y132.135 E699.47944
G1 X110.968 Y133.355 E699.58882
G1 X107.877 Y133.662 E699.69729
G1 X104.89 Y132.809 E699.80576
G1 X102.269 Y131.096 E699.91514
G1 X100.046 Y129.019 E700.02138
G1 X98.115 Y126.893 E700.12166
G1 X96.356 Y124.824 E700.21652
G1 X94.668 Y122.807 E700.30836
G1 X92.984 Y120.788 E700.40020
G1 X91.261 Y118.688 E700.49506
G1 X89.513 Y116.41 E700.59534
G1 X87.865 Y113.853 E700.70158
G1 X86.645 Y110.968 E700.81096
G1 X86.338 Y107.877 E700.91943
G1 X87.191 Y104.89 E701.02790
G1 X88.904 Y102.269 E701.13728
G1 X90.981 Y100.046 E701.24352
G1 X93.107 Y98.115 E701.34380
G1 X95.176 Y96.356 E701.43866
G1 X97.193 Y94.668 E701.53050
G1 X99.212 Y92.984 E701.62234
G1 X101.312 Y91.261 E701.71720
G1 X103.59 Y89.513 E701.81748
G1 X106.147 Y87.865 E701.92372
G1 X109.032 Y86.645 E702.03310
G1 X112.123 Y86.338 E702.14157
G1 X115.11 Y87.191 E702.25004
G1 X117.731 Y88.904 E702.35942
G1 X119.954 Y90.981 E702.46566
G1 X121.885 Y93.107 E702.56594
G1 X123.644 Y95.176 E702.66080
G1 X125.332 Y97.193 E702.75264
G1 X127.016 Y99.212 E702.84448
G1 X128.739 Y101.312 E702.93934
G1 X130.487 Y103.59 E703.03962
G1 X132.135 Y106.147 E703.14586
G1 X133.355 Y109.032 E703.25524
G1 X133.662 Y112.123 E703.36371
G1 X132.809 Y115.11 E703.47218
G1 X131.096 Y117.731 E703.58156
G1 X129.019 Y119.954 E703.68780
G1 X126.893 Y121.885 E703.78808
G1 X124.824 Y123.644 E703.88294
G1 X122.807 Y125.332 E703.97478
G1 X122.519 Y124.986 F1800
G1 X120.545 Y126.633 E704.06455
G1 X118.492 Y128.317 E704.15727
G1 X116.266 Y130.026 E704.25530
G1 X113.766 Y131.636 E704.35914
G1 X110.946 Y132.829 E704.46606
G1 X107.925 Y133.129 E704.57208
G1 X105.005 Y132.296 E704.67811
G1 X102.443 Y130.621 E704.78502
G1 X100.27 Y128.591 E704.88887
G1 X98.383 Y126.513 E704.98689
G1 X96.663 Y124.491 E705.07962
G1 X95.014 Y122.519 E705.16939
G1 X93.367 Y120.545 E705.25916
G1 X91.683 Y118.492 E705.35188
G1 X89.974 Y116.266 E705.44991
G1 X88.364 Y113.766 E705.55375
G1 X87.171 Y110.946 E705.66066
G1 X86.871 Y107.925 E705.76669
G1 X87.704 Y105.005 E705.87272
G1 X89.379 Y102.443 E705.97963
G1 X91.409 Y100.27 E706.08348
G1 X93.487 Y98.383 E706.18150
G1 X95.509 Y96.663 E706.27423
G1 X97.481 Y95.014 E706.36400
G1 X99.455 Y93.367 E706.45377
G1 X101.508 Y91.683 E706.54649
G1 X103.734 Y89.974 E706.64451
G1 X106.234 Y88.364 E706.74836
G1 X109.054 Y87.171 E706.85527
G1 X112.075 Y86.871 E706.96130
G1 X114.995 Y87.704 E707.06733
G1 X117.557 Y89.379 E707.17424
G1 X119.73 Y91.409 E707.27809
G1 X121.617 Y93.487 E707.37611
G1 X123.337 Y95.509 E707.46883
G1 X124.986 Y97.481 E707.55861
G1 X126.633 Y99.455 E707.64838
G1 X128.317 Y101.508 E707.74110
G1 X130.026 Y103.734 E707.83912
G1 X131.636 Y106.234 E707.94297
G1 X132.829 Y109.054 E708.04988
G1 X133.129 Y112.075 E708.15591
G1 X132.296 Y114.995 E708.26194
G1 X130.621 Y117.557 E708.36885
G1 X128.591 Y119.73 E708.47270
G1 X126.513 Y121.617 E708.57072
G1 X124.491 Y123.337 E708.66344
G1 X122.519 Y124.986 E708.75322
G1 E707.95322 F2400
;LAYER_CHANGE
;Z:13.6
G1 Z14 F3000
G0 X122.515 Y125.392 F9000
G1 Z13.6 F3000
G1 E708.75322 F2400
G1 X122.515 Y125.392 F1800
G1 X120.487 Y127.038 E708.84442
G1 X118.38 Y128.721 E708.93861
G1 X116.095 Y130.427 E709.03819
G1 X113.534 Y132.029 E709.14369
G1 X110.654 Y133.202 E709.25230
G1 X107.581 Y133.466 E709.36001
G1 X104.626 Y132.581 E709.46772
G1 X102.046 Y130.845 E709.57633
G1 X99.866 Y128.753 E709.68183
G1 X97.977 Y126.617 E709.78141
G1 X96.257 Y124.54 E709.87560
G1 X94.608 Y122.515 E709.96680
G1 X92.962 Y120.487 E710.05800
G1 X91.279 Y118.38 E710.15220
G1 X89.573 Y116.095 E710.25178
G1 X87.971 Y113.534 E710.35727
G1 X86.798 Y110.654 E710.46588
G1 X86.534 Y107.581 E710.57360
G1 X87.419 Y104.626 E710.68131
G1 X89.155 Y102.046 E710.78992
G1 X91.247 Y99.866 E710.89542
G1 X93.383 Y97.977 E710.99500
G1 X95.46 Y96.257 E711.08919
G1 X97.485 Y94.608 E711.18039
G1 X99.513 Y92.962 E711.27159
G1 X101.62 Y91.279 E711.36578
G1 X103.905 Y89.573 E711.46536
G1 X106.466 Y87.971 E711.57086
G1 X109.346 Y86.798 E711.67947
G1 X112.419 Y86.534 E711.78718
G1 X115.374 Y87.419 E711.89490
G1 X117.954 Y89.155 E712.00351
G1 X120.134 Y91.247 E712.10900
G1 X122.023 Y93.383 E712.20858
G1 X123.743 Y95.46 E712.30278
G1 X125.392 Y97.485 E712.39398
G1 X127.038 Y99.513 E712.48518
G1 X128.721 Y101.62 E712.57937
G1 X130.427 Y103.905 E712.67895
G1 X132.029 Y106.466 E712.78445
G1 X133.202 Y109.346 E712.89306
G1 X133.466 Y112.419 E713.00077
G1 X132.581 Y115.374 E713.10848
G1 X130.845 Y117.954 E713.21709
G1 X128.753 Y120.134 E713.32259
G1 X126.617 Y122.023 E713.42217
G1 X124.54 Y123.743 E713.51636
G1 X122.515 Y125.392 E713.60756
G1 X122.231 Y125.042 F1800
G1 X120.25 Y126.651 E713.69669
G1 X118.19 Y128.296 E713.78875
G1 X115.957 Y129.963 E713.88607
G1 X113.454 Y131.529 E713.98918
G1 X110.639 Y132.676 E714.09532
G1 X107.636 Y132.934 E714.20059
G1 X104.748 Y132.068 E714.30586
G1 X102.226 Y130.372 E714.41201
G1 X100.096 Y128.328 E714.51511
G1 X98.25 Y126.24 E714.61243
G1 X96.569 Y124.21 E714.70449
G1 X94.958 Y122.231 E714.79362
G1 X93.349 Y120.25 E714.88275
G1 X91.704 Y118.19 E714.97481
G1 X90.037 Y115.957 E715.07213
G1 X88.471 Y113.454 E715.17523
G1 X87.324 Y110.639 E715.28138
G1 X87.066 Y107.636 E715.38665
G1 X87.932 Y104.748 E715.49192
G1 X89.628 Y102.226 E715.59806
G1 X91.672 Y100.096 E715.70117
G1 X93.76 Y98.25 E715.79849
G1 X95.79 Y96.569 E715.89055
G1 X97.769 Y94.958 E715.97968
G1 X99.75 Y93.349 E716.06881
G1 X101.81 Y91.704 E716.16086
G1 X104.043 Y90.037 E716.25818
G1 X106.546 Y88.471 E716.36129
G1 X109.361 Y87.324 E716.46743
G1 X112.364 Y87.066 E716.57270
G1 X115.252 Y87.932 E716.67797
G1 X117.774 Y89.628 E716.78412
G1 X119.904 Y91.672 E716.88722
G1 X121.75 Y93.76 E716.98454
G1 X123.431 Y95.79 E717.07660
G1 X125.042 Y97.769 E717.16573
G1 X126.651 Y99.75 E717.25486
G1 X128.296 Y101.81 E717.34692
G1 X129.963 Y104.043 E717.44424
G1 X131.529 Y106.546 E717.54734
G1 X132.676 Y109.361 E717.65349
G1 X132.934 Y112.364 E717.75876
G1 X132.068 Y115.252 E717.86403
G1 X130.372 Y117.774 E717.97018
G1 X128.328 Y119.904 E718.07328
G1 X126.24 Y121.75 E718.17060
G1 X124.21 Y123.431 E718.26266
G1 X122.231 Y125.042 E718.35179
G1 E717.55179 F2400
;LAYER_CHANGE
;Z:13.8
G1 Z14.2 F3000
G0 X122.221 Y125.444 F9000
G1 Z13.8 F3000
G1 E718.35179 F2400
G1 X122.221 Y125.444 F1800
G1 X120.187 Y127.052 E718.44233
G1 X118.072 Y128.695 E718.53585
G1 X115.782 Y130.358 E718.63471
G1 X113.218 Y131.915 E718.73945
G1 X110.344 Y133.042 E718.84728
G1 X107.29 Y133.263 E718.95422
G1 X104.368 Y132.345 E719.06115
G1 X101.83 Y130.588 E719.16898
G1 X99.693 Y128.484 E719.27372
G1 X97.846 Y126.338 E719.37258
G1 X96.166 Y124.253 E719.46610
G1 X94.556 Y122.221 E719.55664
G1 X92.948 Y120.187 E719.64719
G1 X91.305 Y118.072 E719.74070
G1 X89.642 Y115.782 E719.83957
G1 X88.085 Y113.218 E719.94431
G1 X86.958 Y110.344 E720.05213
G1 X86.737 Y107.29 E720.15907
G1 X87.655 Y104.368 E720.26601
G1 X89.412 Y101.83 E720.37384
G1 X91.516 Y99.693 E720.47858
G1 X93.662 Y97.846 E720.57744
G1 X95.747 Y96.166 E720.67096
G1 X97.779 Y94.556 E720.76150
G1 X99.813 Y92.948 E720.85204
G1 X101.928 Y91.305 E720.94556
G1 X104.218 Y89.642 E721.04442
G1 X106.782 Y88.085 E721.14916
G1 X109.656 Y86.958 E721.25699
G1 X112.71 Y86.737 E721.36393
G1 X115.632 Y87.655 E721.47087
G1 X118.17 Y89.412 E721.57869
G1 X120.307 Y91.516 E721.68343
G1 X122.154 Y93.662 E721.78229
G1 X123.834 Y95.747 E721.87581
G1 X125.444 Y97.779 E721.96635
G1 X127.052 Y99.813 E722.05690
G1 X128.695 Y101.928 E722.15042
G1 X130.358 Y104.218 E722.24928
G1 X131.915 Y106.782 E722.35402
G1 X133.042 Y109.656 E722.46184
G1 X133.263 Y112.71 E722.56878
G1 X132.345 Y115.632 E722.67572
G1 X130.588 Y118.17 E722.78355
G1 X128.484 Y120.307 E722.88829
G1 X126.338 Y122.154 E722.98715
G1 X124.253 Y123.834 E723.08067
G1 X122.221 Y125.444 E723.17121
G1 X121.942 Y125.091 F1800
G1 X119.954 Y126.662 E723.25968
G1 X117.888 Y128.268 E723.35107
G1 X115.65 Y129.893 E723.44767
G1 X113.145 Y131.414 E723.55001
G1 X110.336 Y132.515 E723.65538
G1 X107.352 Y132.732 E723.75987
G1 X104.497 Y131.835 E723.86437
G1 X102.016 Y130.118 E723.96973
G1 X99.928 Y128.061 E724.07208
G1 X98.124 Y125.965 E724.16868
G1 X96.482 Y123.927 E724.26006
G1 X94.909 Y121.942 E724.34854
G1 X93.338 Y119.954 E724.43701
G1 X91.732 Y117.888 E724.52839
G1 X90.107 Y115.65 E724.62499
G1 X88.586 Y113.145 E724.72734
G1 X87.485 Y110.336 E724.83270
G1 X87.268 Y107.352 E724.93720
G1 X88.165 Y104.497 E725.04169
G1 X89.882 Y102.016 E725.14706
G1 X91.939 Y99.928 E725.24940
G1 X94.035 Y98.124 E725.34601
G1 X96.073 Y96.482 E725.43739
G1 X98.058 Y94.909 E725.52586
G1 X100.046 Y93.338 E725.61434
G1 X102.112 Y91.732 E725.70572
G1 X104.35 Y90.107 E725.80232
G1 X106.855 Y88.586 E725.90467
G1 X109.664 Y87.485 E726.01003
G1 X112.648 Y87.268 E726.11452
G1 X115.503 Y88.165 E726.21902
G1 X117.984 Y89.882 E726.32438
G1 X120.072 Y91.939 E726.42673
G1 X121.876 Y94.035 E726.52333
G1 X123.518 Y96.073 E726.61471
G1 X125.091 Y98.058 E726.70319
G1 X126.662 Y100.046 E726.79166
G1 X128.268 Y102.112 E726.88304
G1 X129.893 Y104.35 E726.97965
G1 X131.414 Y106.855 E727.08199
G1 X132.515 Y109.664 E727.18736
G1 X132.732 Y112.648 E727.29185
G1 X131.835 Y115.503 E727.39634
G1 X130.118 Y117.984 E727.50171
G1 X128.061 Y120.072 E727.60405
G1 X125.965 Y121.876 E727.70066
G1 X123.927 Y123.518 E727.79204
G1 X121.942 Y125.091 E727.88051
G1 E727.08051 F2400
;LAYER_CHANGE
;Z:14
G1 Z14.4 F3000
G0 X121.926 Y125.49 F9000
G1 Z14 F3000
G1 E727.88051 F2400
G1 X121.926 Y125.49 F1800
G1 X119.886 Y127.058 E727.97039
G1 X117.766 Y128.661 E728.06321
G1 X115.471 Y130.282 E728.16135
G1 X112.906 Y131.794 E728.26531
G1 X110.038 Y132.874 E728.37234
G1 X107.004 Y133.054 E728.47849
G1 X104.116 Y132.104 E728.58464
G1 X101.62 Y130.327 E728.69167
G1 X99.527 Y128.21 E728.79564
G1 X97.722 Y126.056 E728.89377
G1 X96.082 Y123.965 E728.98660
G1 X94.51 Y121.926 E729.07647
G1 X92.942 Y119.886 E729.16635
G1 X91.339 Y117.766 E729.25918
G1 X89.718 Y115.471 E729.35731
G1 X88.206 Y112.906 E729.46127
G1 X87.126 Y110.038 E729.56831
G1 X86.946 Y107.004 E729.67445
G1 X87.896 Y104.116 E729.78060
G1 X89.673 Y101.62 E729.88764
G1 X91.79 Y99.527 E729.99160
G1 X93.944 Y97.722 E730.08973
G1 X96.035 Y96.082 E730.18256
G1 X98.074 Y94.51 E730.27243
G1 X100.114 Y92.942 E730.36231
G1 X102.234 Y91.339 E730.45514
G1 X104.529 Y89.718 E730.55327
G1 X107.094 Y88.206 E730.65723
G1 X109.962 Y87.126 E730.76427
G1 X112.996 Y86.946 E730.87041
G1 X115.884 Y87.896 E730.97656
G1 X118.38 Y89.673 E731.08360
G1 X120.473 Y91.79 E731.18756
G1 X122.278 Y93.944 E731.28569
G1 X123.918 Y96.035 E731.37852
G1 X125.49 Y98.074 E731.46840
G1 X127.058 Y100.114 E731.55827
G1 X128.661 Y102.234 E731.65110
G1 X130.282 Y104.529 E731.74923
G1 X131.794 Y107.094 E731.85319
G1 X132.874 Y109.962 E731.96023
G1 X133.054 Y112.996 E732.06638
G1 X132.104 Y115.884 E732.17252
G1 X130.327 Y118.38 E732.27956
G1 X128.21 Y120.473 E732.38352
G1 X126.056 Y122.278 E732.48165
G1 X123.965 Y123.918 E732.57448
G1 X121.926 Y125.49 E732.66436
G1 X121.652 Y125.133 F1800
G1 X119.659 Y126.666 E732.75216
G1 X117.587 Y128.232 E732.84285
G1 X115.345 Y129.815 E732.93873
G1 X112.839 Y131.292 E733.04030
G1 X110.037 Y132.348 E733.14487
G1 X107.073 Y132.523 E733.24857
G1 X104.252 Y131.596 E733.35228
G1 X101.813 Y129.859 E733.45685
G1 X99.768 Y127.791 E733.55842
G1 X98.005 Y125.687 E733.65429
G1 X96.402 Y123.643 E733.74498
G1 X94.867 Y121.652 E733.83279
G1 X93.334 Y119.659 E733.92059
G1 X91.768 Y117.587 E734.01128
G1 X90.185 Y115.345 E734.10716
G1 X88.708 Y112.839 E734.20873
G1 X87.652 Y110.037 E734.31330
G1 X87.477 Y107.073 E734.41700
G1 X88.404 Y104.252 E734.52071
G1 X90.141 Y101.813 E734.62528
G1 X92.209 Y99.768 E734.72685
G1 X94.313 Y98.005 E734.82272
G1 X96.357 Y96.402 E734.91341
G1 X98.348 Y94.867 E735.00122
G1 X100.341 Y93.334 E735.08902
G1 X102.413 Y91.768 E735.17971
G1 X104.655 Y90.185 E735.27559
G1 X107.161 Y88.708 E735.37716
G1 X109.963 Y87.652 E735.48173
G1 X112.927 Y87.477 E735.58543
G1 X115.748 Y88.404 E735.68914
G1 X118.187 Y90.141 E735.79371
G1 X120.232 Y92.209 E735.89528
G1 X121.995 Y94.313 E735.99115
G1 X123.598 Y96.357 E736.08184
G1 X125.133 Y98.348 E736.16965
G1 X126.666 Y100.341 E736.25745
G1 X128.232 Y102.413 E736.34815
G1 X129.815 Y104.655 E736.44402
G1 X131.292 Y107.161 E736.54559
G1 X132.348 Y109.963 E736.65016
G1 X132.523 Y112.927 E736.75386
G1 X131.596 Y115.748 E736.85757
G1 X129.859 Y118.187 E736.96214
G1 X127.791 Y120.232 E737.06371
G1 X125.687 Y121.995 E737.15958
G1 X123.643 Y123.598 E737.25027
G1 X121.652 Y125.133 E737.33808
G1 E736.53808 F2400
;LAYER_CHANGE
;Z:14.2
G1 Z14.6 F3000
G0 X121.631 Y125.528 F9000
G1 Z14.2 F3000
G1 E737.33808 F2400
G1 X121.631 Y125.528 F1800
G1 X119.586 Y127.058 E737.42727
G1 X117.461 Y128.621 E737.51940
G1 X115.162 Y130.199 E737.61679
G1 X112.597 Y131.665 E737.71997
G1 X109.737 Y132.7 E737.82619
G1 X106.723 Y132.838 E737.93154
G1 X103.871 Y131.858 E738.03688
G1 X101.417 Y130.061 E738.14311
G1 X99.367 Y127.933 E738.24629
G1 X97.605 Y125.772 E738.34368
G1 X96.004 Y123.675 E738.43580
G1 X94.472 Y121.631 E738.52500
G1 X92.942 Y119.586 E738.61419
G1 X91.379 Y117.461 E738.70632
G1 X89.801 Y115.162 E738.80371
G1 X88.335 Y112.597 E738.90689
G1 X87.3 Y109.737 E739.01311
G1 X87.162 Y106.723 E739.11845
G1 X88.142 Y103.871 E739.22380
G1 X89.939 Y101.417 E739.33002
G1 X92.067 Y99.367 E739.43320
G1 X94.228 Y97.605 E739.53059
G1 X96.325 Y96.004 E739.62272
G1 X98.369 Y94.472 E739.71191
G1 X100.414 Y92.942 E739.80111
G1 X102.539 Y91.379 E739.89323
G1 X104.838 Y89.801 E739.99062
G1 X107.403 Y88.335 E740.09380
G1 X110.263 Y87.3 E740.20002
G1 X113.277 Y87.162 E740.30537
G1 X116.129 Y88.142 E740.41072
G1 X118.583 Y89.939 E740.51694
G1 X120.633 Y92.067 E740.62012
G1 X122.395 Y94.228 E740.71751
G1 X123.996 Y96.325 E740.80963
G1 X125.528 Y98.369 E740.89883
G1 X127.058 Y100.414 E740.98802
G1 X128.621 Y102.539 E741.08015
G1 X130.199 Y104.838 E741.17754
G1 X131.665 Y107.403 E741.28072
G1 X132.7 Y110.263 E741.38694
G1 X132.838 Y113.277 E741.49229
G1 X131.858 Y116.129 E741.59763
G1 X130.061 Y118.583 E741.70386
G1 X127.933 Y120.633 E741.80704
G1 X125.772 Y122.395 E741.90443
G1 X123.675 Y123.996 E741.99655
G1 X121.631 Y125.528 E742.08575
G1 X121.362 Y125.168 F1800
G1 X119.364 Y126.662 E742.17287
G1 X117.288 Y128.189 E742.26286
G1 X115.042 Y129.73 E742.35799
G1 X112.537 Y131.163 E742.45878
G1 X109.743 Y132.173 E742.56254
G1 X106.799 Y132.309 E742.66544
G1 X104.013 Y131.351 E742.76834
G1 X101.616 Y129.596 E742.87210
G1 X99.614 Y127.517 E742.97289
G1 X97.892 Y125.406 E743.06802
G1 X96.329 Y123.358 E743.15801
G1 X94.832 Y121.362 E743.24513
G1 X93.338 Y119.364 E743.33226
G1 X91.811 Y117.288 E743.42225
G1 X90.27 Y115.042 E743.51738
G1 X88.837 Y112.537 E743.61816
G1 X87.827 Y109.743 E743.72192
G1 X87.691 Y106.799 E743.82482
G1 X88.649 Y104.013 E743.92773
G1 X90.404 Y101.616 E744.03149
G1 X92.483 Y99.614 E744.13227
G1 X94.594 Y97.892 E744.22740
G1 X96.642 Y96.329 E744.31739
G1 X98.638 Y94.832 E744.40452
G1 X100.636 Y93.338 E744.49164
G1 X102.712 Y91.811 E744.58163
G1 X104.958 Y90.27 E744.67676
G1 X107.463 Y88.837 E744.77755
G1 X110.257 Y87.827 E744.88131
G1 X113.201 Y87.691 E744.98421
G1 X115.987 Y88.649 E745.08711
G1 X118.384 Y90.404 E745.19087
G1 X120.386 Y92.483 E745.29166
G1 X122.108 Y94.594 E745.38679
G1 X123.671 Y96.642 E745.47678
G1 X125.168 Y98.638 E745.56390
G1 X126.662 Y100.636 E745.65103
G1 X128.189 Y102.712 E745.74102
G1 X129.73 Y104.958 E745.83615
G1 X131.163 Y107.463 E745.93694
G1 X132.173 Y110.257 E746.04070
G1 X132.309 Y113.201 E746.14360
G1 X131.351 Y115.987 E746.24650
G1 X129.596 Y118.384 E746.35026
G1 X127.517 Y120.386 E746.45105
G1 X125.406 Y122.108 E746.54618
G1 X123.358 Y123.671 E746.63617
G1 X121.362 Y125.168 E746.72329
G1 E745.92329 F2400
;LAYER_CHANGE
;Z:14.4
G1 Z14.8 F3000
G0 X121.336 Y125.56 F9000
G1 Z14.4 F3000
G1 E746.72329 F2400
G1 X121.336 Y125.56 F1800
G1 X119.287 Y127.051 E746.81180
G1 X117.158 Y128.573 E746.90321
G1 X114.856 Y130.109 E746.99985
G1 X112.292 Y131.53 E747.10223
G1 X109.44 Y132.519 E747.20763
G1 X106.449 Y132.617 E747.31216
G1 X103.631 Y131.606 E747.41669
G1 X101.22 Y129.791 E747.52209
G1 X99.215 Y127.653 E747.62447
G1 X97.494 Y125.485 E747.72111
G1 X95.934 Y123.384 E747.81252
G1 X94.44 Y121.336 E747.90103
G1 X92.949 Y119.287 E747.98953
G1 X91.427 Y117.158 E748.08094
G1 X89.891 Y114.856 E748.17758
G1 X88.47 Y112.292 E748.27996
G1 X87.481 Y109.44 E748.38536
G1 X87.383 Y106.449 E748.48990
G1 X88.394 Y103.631 E748.59443
G1 X90.209 Y101.22 E748.69983
G1 X92.347 Y99.215 E748.80221
G1 X94.515 Y97.494 E748.89885
G1 X96.616 Y95.934 E748.99026
G1 X98.664 Y94.44 E749.07876
G1 X100.713 Y92.949 E749.16727
G1 X102.842 Y91.427 E749.25868
G1 X105.144 Y89.891 E749.35532
G1 X107.708 Y88.47 E749.45770
G1 X110.56 Y87.481 E749.56310
G1 X113.551 Y87.383 E749.66763
G1 X116.369 Y88.394 E749.77216
G1 X118.78 Y90.209 E749.87756
G1 X120.785 Y92.347 E749.97995
G1 X122.506 Y94.515 E750.07658
G1 X124.066 Y96.616 E750.16799
G1 X125.56 Y98.664 E750.25650
G1 X127.051 Y100.713 E750.34500
G1 X128.573 Y102.842 E750.43642
G1 X130.109 Y105.144 E750.53305
G1 X131.53 Y107.708 E750.63544
G1 X132.519 Y110.56 E750.74084
G1 X132.617 Y113.551 E750.84537
G1 X131.606 Y116.369 E750.94990
G1 X129.791 Y118.78 E751.05530
G1 X127.653 Y120.785 E751.15768
G1 X125.485 Y122.506 E751.25432
G1 X123.384 Y124.066 E751.34573
G1 X121.336 Y125.56 E751.43424
G1 X121.071 Y125.196 F1800
G1 X119.07 Y126.652 E751.52067
G1 X116.991 Y128.139 E751.60995
G1 X114.742 Y129.639 E751.70433
G1 X112.238 Y131.027 E751.80431
G1 X109.453 Y131.992 E751.90725
G1 X106.532 Y132.088 E752.00934
G1 X103.78 Y131.101 E752.11143
G1 X101.425 Y129.329 E752.21436
G1 X99.467 Y127.24 E752.31435
G1 X97.786 Y125.123 E752.40873
G1 X96.263 Y123.071 E752.49801
G1 X94.804 Y121.071 E752.58444
G1 X93.348 Y119.07 E752.67088
G1 X91.861 Y116.991 E752.76015
G1 X90.361 Y114.742 E752.85453
G1 X88.973 Y112.238 E752.95452
G1 X88.008 Y109.453 E753.05746
G1 X87.912 Y106.532 E753.15955
G1 X88.899 Y103.78 E753.26163
G1 X90.671 Y101.425 E753.36457
G1 X92.76 Y99.467 E753.46456
G1 X94.877 Y97.786 E753.55894
G1 X96.929 Y96.263 E753.64821
G1 X98.929 Y94.804 E753.73465
G1 X100.93 Y93.348 E753.82108
G1 X103.009 Y91.861 E753.91036
G1 X105.258 Y90.361 E754.00474
G1 X107.762 Y88.973 E754.10473
G1 X110.547 Y88.008 E754.20766
G1 X113.468 Y87.912 E754.30975
G1 X116.22 Y88.899 E754.41184
G1 X118.575 Y90.671 E754.51478
G1 X120.533 Y92.76 E754.61477
G1 X122.214 Y94.877 E754.70914
G1 X123.737 Y96.929 E754.79842
G1 X125.196 Y98.929 E754.88485
G1 X126.652 Y100.93 E754.97129
G1 X128.139 Y103.009 E755.06057
G1 X129.639 Y105.258 E755.15494
G1 X131.027 Y107.762 E755.25493
G1 X131.992 Y110.547 E755.35787
G1 X132.088 Y113.468 E755.45996
G1 X131.101 Y116.22 E755.56205
G1 X129.329 Y118.575 E755.66498
G1 X127.24 Y120.533 E755.76497
G1 X125.123 Y122.214 E755.85935
G1 X123.071 Y123.737 E755.94863
G1 X121.071 Y125.196 E756.03506
G1 E755.23506 F2400
;LAYER_CHANGE
;Z:14.6
G1 Z15 F3000
G0 X121.041 Y125.584 F9000
G1 Z14.6 F3000
G1 E756.03506 F2400
G1 X121.041 Y125.584 F1800
G1 X118.989 Y127.037 E756.12287
G1 X116.856 Y128.519 E756.21356
G1 X114.553 Y130.012 E756.30943
G1 X111.99 Y131.388 E756.41100
G1 X109.149 Y132.331 E756.51557
G1 X106.18 Y132.389 E756.61928
G1 X103.398 Y131.35 E756.72298
G1 X101.03 Y129.518 E756.82755
G1 X99.069 Y127.37 E756.92913
G1 X97.39 Y125.197 E757.02500
G1 X95.87 Y123.092 E757.11569
G1 X94.416 Y121.041 E757.20350
G1 X92.963 Y118.989 E757.29130
G1 X91.481 Y116.856 E757.38199
G1 X89.988 Y114.553 E757.47787
G1 X88.612 Y111.99 E757.57944
G1 X87.669 Y109.149 E757.68401
G1 X87.611 Y106.18 E757.78771
G1 X88.65 Y103.398 E757.89142
G1 X90.482 Y101.03 E757.99599
G1 X92.63 Y99.069 E758.09756
G1 X94.803 Y97.39 E758.19343
G1 X96.908 Y95.87 E758.28413
G1 X98.959 Y94.416 E758.37193
G1 X101.011 Y92.963 E758.45974
G1 X103.144 Y91.481 E758.55043
G1 X105.447 Y89.988 E758.64630
G1 X108.01 Y88.612 E758.74787
G1 X110.851 Y87.669 E758.85244
G1 X113.82 Y87.611 E758.95615
G1 X116.602 Y88.65 E759.05985
G1 X118.97 Y90.482 E759.16442
G1 X120.931 Y92.63 E759.26600
G1 X122.61 Y94.803 E759.36187
G1 X124.13 Y96.908 E759.45256
G1 X125.584 Y98.959 E759.54037
G1 X127.037 Y101.011 E759.62817
G1 X128.519 Y103.144 E759.71886
G1 X130.012 Y105.447 E759.81474
G1 X131.388 Y108.01 E759.91631
G1 X132.331 Y110.851 E760.02088
G1 X132.389 Y113.82 E760.12458
G1 X131.35 Y116.602 E760.22829
G1 X129.518 Y118.97 E760.33286
G1 X127.37 Y120.931 E760.43443
G1 X125.197 Y122.61 E760.53030
G1 X123.092 Y124.13 E760.62100
G1 X121.041 Y125.584 E760.70880
G1 X120.781 Y125.217 F1800
G1 X118.777 Y126.635 E760.79454
G1 X116.695 Y128.083 E760.88309
G1 X114.445 Y129.541 E760.97671
G1 X111.943 Y130.884 E761.07589
G1 X109.169 Y131.805 E761.17799
G1 X106.27 Y131.862 E761.27925
G1 X103.553 Y130.847 E761.38052
G1 X101.241 Y129.058 E761.48262
G1 X99.326 Y126.961 E761.58180
G1 X97.687 Y124.839 E761.67542
G1 X96.203 Y122.783 E761.76397
G1 X94.783 Y120.781 E761.84971
G1 X93.365 Y118.777 E761.93544
G1 X91.917 Y116.695 E762.02400
G1 X90.459 Y114.445 E762.11761
G1 X89.116 Y111.943 E762.21679
G1 X88.195 Y109.169 E762.31890
G1 X88.138 Y106.27 E762.42016
G1 X89.153 Y103.553 E762.52142
G1 X90.942 Y101.241 E762.62353
G1 X93.039 Y99.326 E762.72271
G1 X95.161 Y97.687 E762.81632
G1 X97.217 Y96.203 E762.90488
G1 X99.219 Y94.783 E762.99061
G1 X101.223 Y93.365 E763.07635
G1 X103.305 Y91.917 E763.16490
G1 X105.555 Y90.459 E763.25852
G1 X108.057 Y89.116 E763.35770
G1 X110.831 Y88.195 E763.45980
G1 X113.73 Y88.138 E763.56106
G1 X116.447 Y89.153 E763.66233
G1 X118.759 Y90.942 E763.76443
G1 X120.674 Y93.039 E763.86361
G1 X122.313 Y95.161 E763.95723
G1 X123.797 Y97.217 E764.04578
G1 X125.217 Y99.219 E764.13152
G1 X126.635 Y101.223 E764.21725
G1 X128.083 Y103.305 E764.30581
G1 X129.541 Y105.555 E764.39942
G1 X130.884 Y108.057 E764.49860
G1 X131.805 Y110.831 E764.60071
G1 X131.862 Y113.73 E764.70197
G1 X130.847 Y116.447 E764.80323
G1 X129.058 Y118.759 E764.90534
G1 X126.961 Y120.674 E765.00452
G1 X124.839 Y122.313 E765.09813
G1 X122.783 Y123.797 E765.18669
G1 X120.781 Y125.217 E765.27242
G1 E764.47242 F2400
;LAYER_CHANGE
;Z:14.8
G1 Z15.2 F3000
G0 X120.746 Y125.603 F9000
G1 Z14.8 F3000
G1 E765.27242 F2400
G1 X120.746 Y125.603 F1800
G1 X118.692 Y127.016 E765.35952
G1 X116.557 Y128.458 E765.44948
G1 X114.252 Y129.909 E765.54458
G1 X111.693 Y131.24 E765.64534
G1 X108.862 Y132.138 E765.74907
G1 X105.916 Y132.157 E765.85194
G1 X103.171 Y131.09 E765.95481
G1 X100.846 Y129.241 E766.05853
G1 X98.929 Y127.085 E766.15929
G1 X97.293 Y124.908 E766.25439
G1 X95.813 Y122.799 E766.34435
G1 X94.397 Y120.746 E766.43145
G1 X92.984 Y118.692 E766.51855
G1 X91.542 Y116.557 E766.60851
G1 X90.091 Y114.252 E766.70361
G1 X88.76 Y111.693 E766.80437
G1 X87.862 Y108.862 E766.90809
G1 X87.843 Y105.916 E767.01096
G1 X88.91 Y103.171 E767.11383
G1 X90.759 Y100.846 E767.21756
G1 X92.915 Y98.929 E767.31832
G1 X95.092 Y97.293 E767.41342
G1 X97.201 Y95.813 E767.50338
G1 X99.254 Y94.397 E767.59048
G1 X101.308 Y92.984 E767.67758
G1 X103.443 Y91.542 E767.76754
G1 X105.748 Y90.091 E767.86264
G1 X108.307 Y88.76 E767.96339
G1 X111.138 Y87.862 E768.06712
G1 X114.084 Y87.843 E768.16999
G1 X116.829 Y88.91 E768.27286
G1 X119.154 Y90.759 E768.37659
G1 X121.071 Y92.915 E768.47734
G1 X122.707 Y95.092 E768.57245
G1 X124.187 Y97.201 E768.66241
G1 X125.603 Y99.254 E768.74951
G1 X127.016 Y101.308 E768.83660
G1 X128.458 Y103.443 E768.92657
G1 X129.909 Y105.748 E769.02167
G1 X131.24 Y108.307 E769.12242
G1 X132.138 Y111.138 E769.22615
G1 X132.157 Y114.084 E769.32902
G1 X131.09 Y116.829 E769.43189
G1 X129.241 Y119.154 E769.53562
G1 X127.085 Y121.071 E769.63637
G1 X124.908 Y122.707 E769.73147
G1 X122.799 Y124.187 E769.82143
G1 X120.746 Y125.603 E769.90853
G1 X120.491 Y125.232 F1800
G1 X118.485 Y126.612 E769.99356
G1 X116.401 Y128.02 E770.08139
G1 X114.151 Y129.436 E770.17423
G1 X111.653 Y130.736 E770.27259
G1 X108.889 Y131.613 E770.37385
G1 X106.013 Y131.631 E770.47428
G1 X103.333 Y130.589 E770.57471
G1 X101.063 Y128.784 E770.67597
G1 X99.192 Y126.679 E770.77433
G1 X97.595 Y124.554 E770.86718
G1 X96.15 Y122.495 E770.95500
G1 X94.768 Y120.491 E771.04003
G1 X93.388 Y118.485 E771.12506
G1 X91.98 Y116.401 E771.21289
G1 X90.564 Y114.151 E771.30573
G1 X89.264 Y111.653 E771.40409
G1 X88.387 Y108.889 E771.50535
G1 X88.369 Y106.013 E771.60578
G1 X89.411 Y103.333 E771.70621
G1 X91.216 Y101.063 E771.80747
G1 X93.321 Y99.192 E771.90583
G1 X95.446 Y97.595 E771.99867
G1 X97.505 Y96.15 E772.08650
G1 X99.509 Y94.768 E772.17153
G1 X101.515 Y93.388 E772.25656
G1 X103.599 Y91.98 E772.34438
G1 X105.849 Y90.564 E772.43723
G1 X108.347 Y89.264 E772.53559
G1 X111.111 Y88.387 E772.63685
G1 X113.987 Y88.369 E772.73728
G1 X116.667 Y89.411 E772.83771
G1 X118.937 Y91.216 E772.93897
G1 X120.808 Y93.321 E773.03733
G1 X122.405 Y95.446 E773.13017
G1 X123.85 Y97.505 E773.21800
G1 X125.232 Y99.509 E773.30303
G1 X126.612 Y101.515 E773.38806
G1 X128.02 Y103.599 E773.47588
G1 X129.436 Y105.849 E773.56872
G1 X130.736 Y108.347 E773.66709
G1 X131.613 Y111.111 E773.76835
G1 X131.631 Y113.987 E773.86878
G1 X130.589 Y116.667 E773.96920
G1 X128.784 Y118.937 E774.07047
G1 X126.679 Y120.808 E774.16883
G1 X124.554 Y122.405 E774.26167
G1 X122.495 Y123.85 E774.34949
G1 X120.491 Y125.232 E774.43452
G1 E773.63452 F2400
;LAYER_CHANGE
;Z:15
G1 Z15.4 F3000
G0 X120.452 Y125.615 F9000
G1 Z15 F3000
G1 E774.43452 F2400
G1 X120.452 Y125.615 F1800
G1 X118.396 Y126.99 E774.52091
G1 X116.26 Y128.392 E774.61013
G1 X113.956 Y129.8 E774.70446
G1 X111.4 Y131.087 E774.80438
G1 X108.58 Y131.94 E774.90726
G1 X105.659 Y131.92 E775.00929
G1 X102.95 Y130.825 E775.11132
G1 X100.669 Y128.961 E775.21419
G1 X98.796 Y126.798 E775.31412
G1 X97.202 Y124.617 E775.40844
G1 X95.762 Y122.507 E775.49767
G1 X94.385 Y120.452 E775.58405
G1 X93.01 Y118.396 E775.67044
G1 X91.608 Y116.26 E775.75966
G1 X90.2 Y113.956 E775.85398
G1 X88.913 Y111.4 E775.95391
G1 X88.06 Y108.58 E776.05679
G1 X88.08 Y105.659 E776.15882
G1 X89.175 Y102.95 E776.26085
G1 X91.039 Y100.669 E776.36372
G1 X93.202 Y98.796 E776.46365
G1 X95.383 Y97.202 E776.55797
G1 X97.493 Y95.762 E776.64720
G1 X99.548 Y94.385 E776.73358
G1 X101.604 Y93.01 E776.81997
G1 X103.74 Y91.608 E776.90919
G1 X106.044 Y90.2 E777.00351
G1 X108.6 Y88.913 E777.10344
G1 X111.42 Y88.06 E777.20632
G1 X114.341 Y88.08 E777.30835
G1 X117.05 Y89.175 E777.41037
G1 X119.331 Y91.039 E777.51325
G1 X121.204 Y93.202 E777.61318
G1 X122.798 Y95.383 E777.70750
G1 X124.238 Y97.493 E777.79673
G1 X125.615 Y99.548 E777.88311
G1 X126.99 Y101.604 E777.96950
G1 X128.392 Y103.74 E778.05872
G1 X129.8 Y106.044 E778.15304
G1 X131.087 Y108.6 E778.25297
G1 X131.94 Y111.42 E778.35585
G1 X131.92 Y114.341 E778.45788
G1 X130.825 Y117.05 E778.55990
G1 X128.961 Y119.331 E778.66278
G1 X126.798 Y121.204 E778.76271
G1 X124.617 Y122.798 E778.85703
G1 X122.507 Y124.238 E778.94625
G1 X120.452 Y125.615 E779.03264
G1 X120.202 Y125.241 F1800
G1 X118.195 Y126.583 E779.11696
G1 X116.11 Y127.951 E779.20404
G1 X113.861 Y129.326 E779.29611
G1 X111.366 Y130.582 E779.39364
G1 X108.614 Y131.415 E779.49405
G1 X105.763 Y131.395 E779.59364
G1 X103.119 Y130.326 E779.69322
G1 X100.892 Y128.507 E779.79364
G1 X99.065 Y126.395 E779.89117
G1 X97.509 Y124.267 E779.98324
G1 X96.103 Y122.207 E780.07032
G1 X94.759 Y120.202 E780.15464
G1 X93.417 Y118.195 E780.23895
G1 X92.049 Y116.11 E780.32604
G1 X90.674 Y113.861 E780.41810
G1 X89.418 Y111.366 E780.51564
G1 X88.585 Y108.614 E780.61605
G1 X88.605 Y105.763 E780.71564
G1 X89.674 Y103.119 E780.81522
G1 X91.493 Y100.892 E780.91564
G1 X93.605 Y99.065 E781.01317
G1 X95.733 Y97.509 E781.10523
G1 X97.793 Y96.103 E781.19232
G1 X99.798 Y94.759 E781.27664
G1 X101.805 Y93.417 E781.36095
G1 X103.89 Y92.049 E781.44804
G1 X106.139 Y90.674 E781.54010
G1 X108.634 Y89.418 E781.63764
G1 X111.386 Y88.585 E781.73805
G1 X114.237 Y88.605 E781.83764
G1 X116.881 Y89.674 E781.93722
G1 X119.108 Y91.493 E782.03763
G1 X120.935 Y93.605 E782.13517
G1 X122.491 Y95.733 E782.22723
G1 X123.897 Y97.793 E782.31432
G1 X125.241 Y99.798 E782.39864
G1 X126.583 Y101.805 E782.48295
G1 X127.951 Y103.89 E782.57004
G1 X129.326 Y106.139 E782.66210
G1 X130.582 Y108.634 E782.75964
G1 X131.415 Y111.386 E782.86005
G1 X131.395 Y114.237 E782.95964
G1 X130.326 Y116.881 E783.05922
G1 X128.507 Y119.108 E783.15963
G1 X126.395 Y120.935 E783.25717
G1 X124.267 Y122.491 E783.34923
G1 X122.207 Y123.897 E783.43632
G1 X120.202 Y125.241 E783.52064
G1 E782.72064 F2400
;LAYER_CHANGE
;Z:15.2
G1 Z15.6 F3000
G0 X120.159 Y125.621 F9000
G1 Z15.2 F3000
G1 E783.52064 F2400
G1 X120.159 Y125.621 F1800
G1 X118.102 Y126.957 E783.60630
G1 X115.966 Y128.319 E783.69478
G1 X113.662 Y129.685 E783.78832
G1 X111.111 Y130.927 E783.88741
G1 X108.304 Y131.737 E783.98943
G1 X105.407 Y131.678 E784.09061
G1 X102.736 Y130.557 E784.19179
G1 X100.498 Y128.679 E784.29381
G1 X98.67 Y126.509 E784.39291
G1 X97.118 Y124.326 E784.48644
G1 X95.718 Y122.215 E784.57492
G1 X94.379 Y120.159 E784.66059
G1 X93.043 Y118.102 E784.74625
G1 X91.681 Y115.966 E784.83473
G1 X90.315 Y113.662 E784.92827
G1 X89.073 Y111.111 E785.02737
G1 X88.263 Y108.304 E785.12939
G1 X88.322 Y105.407 E785.23057
G1 X89.443 Y102.736 E785.33174
G1 X91.321 Y100.498 E785.43376
G1 X93.491 Y98.67 E785.53286
G1 X95.674 Y97.118 E785.62640
G1 X97.785 Y95.718 E785.71488
G1 X99.841 Y94.379 E785.80054
G1 X101.898 Y93.043 E785.88621
G1 X104.034 Y91.681 E785.97469
G1 X106.338 Y90.315 E786.06822
G1 X108.889 Y89.073 E786.16732
G1 X111.696 Y88.263 E786.26934
G1 X114.593 Y88.322 E786.37052
G1 X117.264 Y89.443 E786.47170
G1 X119.502 Y91.321 E786.57372
G1 X121.33 Y93.491 E786.67281
G1 X122.882 Y95.674 E786.76635
G1 X124.282 Y97.785 E786.85483
G1 X125.621 Y99.841 E786.94050
G1 X126.957 Y101.898 E787.02616
G1 X128.319 Y104.034 E787.11464
G1 X129.685 Y106.338 E787.20818
G1 X130.927 Y108.889 E787.30727
G1 X131.737 Y111.696 E787.40929
G1 X131.678 Y114.593 E787.51047
G1 X130.557 Y117.264 E787.61165
G1 X128.679 Y119.502 E787.71367
G1 X126.509 Y121.33 E787.81277
G1 X124.326 Y122.882 E787.90630
G1 X122.215 Y124.282 E787.99478
G1 X120.159 Y125.621 E788.08045
G1 X119.914 Y125.243 F1800
G1 X117.906 Y126.547 E788.16405
G1 X115.822 Y127.877 E788.25039
G1 X113.574 Y129.21 E788.34167
G1 X111.084 Y130.422 E788.43837
G1 X108.345 Y131.212 E788.53793
G1 X105.518 Y131.154 E788.63666
G1 X102.911 Y130.061 E788.73539
G1 X100.728 Y128.228 E788.83495
G1 X98.943 Y126.11 E788.93165
G1 X97.429 Y123.98 E789.02293
G1 X96.063 Y121.92 E789.10928
G1 X94.757 Y119.914 E789.19287
G1 X93.453 Y117.906 E789.27647
G1 X92.123 Y115.822 E789.36281
G1 X90.79 Y113.574 E789.45409
G1 X89.578 Y111.084 E789.55079
G1 X88.788 Y108.345 E789.65035
G1 X88.846 Y105.518 E789.74908
G1 X89.939 Y102.911 E789.84782
G1 X91.772 Y100.728 E789.94737
G1 X93.89 Y98.943 E790.04408
G1 X96.02 Y97.429 E790.13536
G1 X98.08 Y96.063 E790.22170
G1 X100.086 Y94.757 E790.30530
G1 X102.094 Y93.453 E790.38889
G1 X104.178 Y92.123 E790.47524
G1 X106.426 Y90.79 E790.56651
G1 X108.916 Y89.578 E790.66322
G1 X111.655 Y88.788 E790.76277
G1 X114.482 Y88.846 E790.86151
G1 X117.089 Y89.939 E790.96024
G1 X119.272 Y91.772 E791.05980
G1 X121.057 Y93.89 E791.15650
G1 X122.571 Y96.02 E791.24778
G1 X123.937 Y98.08 E791.33412
G1 X125.243 Y100.086 E791.41772
G1 X126.547 Y102.094 E791.50132
G1 X127.877 Y104.178 E791.58766
G1 X129.21 Y106.426 E791.67894
G1 X130.422 Y108.916 E791.77564
G1 X131.212 Y111.655 E791.87520
G1 X131.154 Y114.482 E791.97393
G1 X130.061 Y117.089 E792.07267
G1 X128.228 Y119.272 E792.17222
G1 X126.11 Y121.057 E792.26893
G1 X123.98 Y122.571 E792.36020
G1 X121.92 Y123.937 E792.44655
G1 X119.914 Y125.243 E792.53014
G1 E791.73014 F2400
;LAYER_CHANGE
;Z:15.4
G1 Z15.8 F3000
G0 X119.867 Y125.621 F9000
G1 Z15.4 F3000
G1 E792.53014 F2400
G1 X119.867 Y125.621 F1800
G1 X117.81 Y126.919 E792.61508
G1 X115.674 Y128.241 E792.70282
G1 X113.372 Y129.565 E792.79556
G1 X110.826 Y130.763 E792.89382
G1 X108.033 Y131.529 E792.99498
G1 X105.162 Y131.433 E793.09530
G1 X102.528 Y130.286 E793.19562
G1 X100.334 Y128.395 E793.29678
G1 X98.55 Y126.219 E793.39504
G1 X97.04 Y124.034 E793.48779
G1 X95.679 Y121.922 E793.57552
G1 X94.379 Y119.867 E793.66046
G1 X93.081 Y117.81 E793.74540
G1 X91.759 Y115.674 E793.83313
G1 X90.435 Y113.372 E793.92588
G1 X89.237 Y110.826 E794.02414
G1 X88.471 Y108.033 E794.12530
G1 X88.567 Y105.162 E794.22562
G1 X89.714 Y102.528 E794.32594
G1 X91.605 Y100.334 E794.42710
G1 X93.781 Y98.55 E794.52536
G1 X95.966 Y97.04 E794.61810
G1 X98.078 Y95.679 E794.70584
G1 X100.133 Y94.379 E794.79078
G1 X102.19 Y93.081 E794.87572
G1 X104.326 Y91.759 E794.96345
G1 X106.628 Y90.435 E795.05620
G1 X109.174 Y89.237 E795.15446
G1 X111.967 Y88.471 E795.25561
G1 X114.838 Y88.567 E795.35594
G1 X117.472 Y89.714 E795.45626
G1 X119.666 Y91.605 E795.55742
G1 X121.45 Y93.781 E795.65567
G1 X122.96 Y95.966 E795.74842
G1 X124.321 Y98.078 E795.83615
G1 X125.621 Y100.133 E795.92109
G1 X126.919 Y102.19 E796.00604
G1 X128.241 Y104.326 E796.09377
G1 X129.565 Y106.628 E796.18651
G1 X130.763 Y109.174 E796.28477
G1 X131.529 Y111.967 E796.38593
G1 X131.433 Y114.838 E796.48625
G1 X130.286 Y117.472 E796.58657
G1 X128.395 Y119.666 E796.68773
G1 X126.219 Y121.45 E796.78599
G1 X124.034 Y122.96 E796.87874
G1 X121.922 Y124.321 E796.96647
G1 X119.867 Y125.621 E797.05141
G1 X119.627 Y125.24 F1800
G1 X117.62 Y126.506 E797.13428
G1 X115.536 Y127.797 E797.21988
G1 X113.29 Y129.089 E797.31037
G1 X110.806 Y130.258 E797.40623
G1 X108.08 Y131.005 E797.50492
G1 X105.279 Y130.911 E797.60280
G1 X102.71 Y129.792 E797.70068
G1 X100.569 Y127.947 E797.79938
G1 X98.828 Y125.824 E797.89524
G1 X97.355 Y123.693 E797.98573
G1 X96.028 Y121.632 E798.07132
G1 X94.76 Y119.627 E798.15420
G1 X93.494 Y117.62 E798.23707
G1 X92.203 Y115.536 E798.32267
G1 X90.911 Y113.29 E798.41315
G1 X89.742 Y110.806 E798.50902
G1 X88.995 Y108.08 E798.60771
G1 X89.089 Y105.279 E798.70559
G1 X90.208 Y102.71 E798.80347
G1 X92.053 Y100.569 E798.90216
G1 X94.176 Y98.828 E798.99803
G1 X96.307 Y97.355 E799.08852
G1 X98.368 Y96.028 E799.17411
G1 X100.373 Y94.76 E799.25698
G1 X102.38 Y93.494 E799.33986
G1 X104.464 Y92.203 E799.42545
G1 X106.71 Y90.911 E799.51594
G1 X109.194 Y89.742 E799.61181
G1 X111.92 Y88.995 E799.71050
G1 X114.721 Y89.089 E799.80838
G1 X117.29 Y90.208 E799.90626
G1 X119.431 Y92.053 E800.00495
G1 X121.172 Y94.176 E800.10082
G1 X122.645 Y96.307 E800.19130
G1 X123.972 Y98.368 E800.27690
G1 X125.24 Y100.373 E800.35977
G1 X126.506 Y102.38 E800.44264
G1 X127.797 Y104.464 E800.52824
G1 X129.089 Y106.71 E800.61873
G1 X130.258 Y109.194 E800.71459
G1 X131.005 Y111.92 E800.81329
G1 X130.911 Y114.721 E800.91116
G1 X129.792 Y117.29 E801.00904
G1 X127.947 Y119.431 E801.10774
G1 X125.824 Y121.172 E801.20360
G1 X123.693 Y122.645 E801.29409
G1 X121.632 Y123.972 E801.37969
G1 X119.627 Y125.24 E801.46256
G1 E800.66256 F2400
;LAYER_CHANGE
;Z:15.6
G1 Z16 F3000
G0 X119.576 Y125.615 F9000
G1 Z15.6 F3000
G1 E801.46256 F2400
G1 X119.576 Y125.615 F1800
G1 X117.52 Y126.875 E801.54677
G1 X115.385 Y128.158 E801.63375
G1 X113.086 Y129.44 E801.72570
G1 X110.546 Y130.594 E801.82312
G1 X107.767 Y131.317 E801.92341
G1 X104.922 Y131.183 E802.02288
G1 X102.326 Y130.012 E802.12234
G1 X100.176 Y128.108 E802.22263
G1 X98.435 Y125.928 E802.32005
G1 X96.967 Y123.743 E802.41200
G1 X95.646 Y121.631 E802.49898
G1 X94.385 Y119.576 E802.58319
G1 X93.125 Y117.52 E802.66741
G1 X91.842 Y115.385 E802.75439
G1 X90.56 Y113.086 E802.84634
G1 X89.406 Y110.546 E802.94376
G1 X88.683 Y107.767 E803.04405
G1 X88.817 Y104.922 E803.14351
G1 X89.988 Y102.326 E803.24297
G1 X91.892 Y100.176 E803.34326
G1 X94.072 Y98.435 E803.44068
G1 X96.257 Y96.967 E803.53263
G1 X98.369 Y95.646 E803.61961
G1 X100.424 Y94.385 E803.70383
G1 X102.48 Y93.125 E803.78804
G1 X104.615 Y91.842 E803.87502
G1 X106.914 Y90.56 E803.96697
G1 X109.454 Y89.406 E804.06439
G1 X112.233 Y88.683 E804.16468
G1 X115.078 Y88.817 E804.26414
G1 X117.674 Y89.988 E804.36361
G1 X119.824 Y91.892 E804.46390
G1 X121.565 Y94.072 E804.56131
G1 X123.033 Y96.257 E804.65327
G1 X124.354 Y98.369 E804.74025
G1 X125.615 Y100.424 E804.82446
G1 X126.875 Y102.48 E804.90867
G1 X128.158 Y104.615 E804.99566
G1 X129.44 Y106.914 E805.08761
G1 X130.594 Y109.454 E805.18502
G1 X131.317 Y112.233 E805.28531
G1 X131.183 Y115.078 E805.38478
G1 X130.012 Y117.674 E805.48424
G1 X128.108 Y119.824 E805.58453
G1 X125.928 Y121.565 E805.68195
G1 X123.743 Y123.033 E805.77390
G1 X121.631 Y124.354 E805.86088
G1 X119.576 Y125.615 E805.94509
G1 X119.341 Y125.232 F1800
G1 X117.335 Y126.46 E806.02724
G1 X115.253 Y127.712 E806.11208
G1 X113.01 Y128.963 E806.20178
G1 X110.533 Y130.089 E806.29680
G1 X107.822 Y130.793 E806.39463
G1 X105.046 Y130.663 E806.49165
G1 X102.514 Y129.521 E806.58867
G1 X100.417 Y127.664 E806.68649
G1 X98.72 Y125.537 E806.78152
G1 X97.288 Y123.405 E806.87121
G1 X95.999 Y121.345 E806.95605
G1 X94.768 Y119.341 E807.03820
G1 X93.54 Y117.335 E807.12034
G1 X92.288 Y115.253 E807.20519
G1 X91.037 Y113.01 E807.29488
G1 X89.911 Y110.533 E807.38990
G1 X89.207 Y107.822 E807.48773
G1 X89.337 Y105.046 E807.58475
G1 X90.479 Y102.514 E807.68177
G1 X92.336 Y100.417 E807.77960
G1 X94.463 Y98.72 E807.87462
G1 X96.595 Y97.288 E807.96431
G1 X98.655 Y95.999 E808.04916
G1 X100.659 Y94.768 E808.13130
G1 X102.665 Y93.54 E808.21345
G1 X104.747 Y92.288 E808.29829
G1 X106.99 Y91.037 E808.38798
G1 X109.467 Y89.911 E808.48301
G1 X112.178 Y89.207 E808.58084
G1 X114.954 Y89.337 E808.67786
G1 X117.486 Y90.479 E808.77488
G1 X119.583 Y92.336 E808.87270
G1 X121.28 Y94.463 E808.96773
G1 X122.712 Y96.595 E809.05742
G1 X124.001 Y98.655 E809.14226
G1 X125.232 Y100.659 E809.22441
G1 X126.46 Y102.665 E809.30655
G1 X127.712 Y104.747 E809.39140
G1 X128.963 Y106.99 E809.48109
G1 X130.089 Y109.467 E809.57611
G1 X130.793 Y112.178 E809.67394
G1 X130.663 Y114.954 E809.77096
G1 X129.521 Y117.486 E809.86798
G1 X127.664 Y119.583 E809.96581
G1 X125.537 Y121.28 E810.06083
G1 X123.405 Y122.712 E810.15052
G1 X121.345 Y124.001 E810.23537
G1 X119.341 Y125.232 E810.31751
G0 X100 Y85 F9000
G1 X120 Y105 E811.30529 F2400
G0 X120 Y88 F9000
G1 X100 Y108 E812.29306 F2400
G0 X100 Y91 F9000
G1 X120 Y111 E813.28084 F2400
G0 X120 Y94 F9000
G1 X100 Y114 E814.26861 F2400
G0 X100 Y97 F9000
G1 X120 Y117 E815.25639 F2400
G0 X120 Y100 F9000
G1 X100 Y120 E816.24417 F2400
G0 X100 Y103 F9000
G1 X120 Y123 E817.23194 F2400
G0 X120 Y106 F9000
G1 X100 Y126 E818.21972 F2400
G0 X100 Y109 F9000
G1 X120 Y129 E819.20749 F2400
G0 X120 Y112 F9000
G1 X100 Y132 E820.19527 F2400
G0 X100 Y115 F9000
G1 X120 Y135 E821.18304 F2400
G1 E820.38304 F2400
;LAYER_CHANGE
;Z:15.8
G1 Z16.2 F3000
G0 X119.287 Y125.604 F9000
G1 Z15.8 F3000
G1 E821.18304 F2400
G1 X119.287 Y125.604 F1800
G1 X117.232 Y126.826 E821.26653
G1 X115.099 Y128.07 E821.35275
G1 X112.803 Y129.311 E821.44391
G1 X110.271 Y130.421 E821.54048
G1 X107.506 Y131.101 E821.63990
G1 X104.688 Y130.931 E821.73850
G1 X102.13 Y129.736 E821.83711
G1 X100.024 Y127.821 E821.93653
G1 X98.327 Y125.637 E822.03310
G1 X96.901 Y123.451 E822.12425
G1 X95.619 Y121.341 E822.21048
G1 X94.396 Y119.287 E822.29396
G1 X93.174 Y117.232 E822.37745
G1 X91.93 Y115.099 E822.46368
G1 X90.689 Y112.803 E822.55483
G1 X89.579 Y110.271 E822.65140
G1 X88.899 Y107.506 E822.75082
G1 X89.069 Y104.688 E822.84943
G1 X90.264 Y102.13 E822.94803
G1 X92.179 Y100.024 E823.04745
G1 X94.363 Y98.327 E823.14402
G1 X96.549 Y96.901 E823.23517
G1 X98.659 Y95.619 E823.32140
G1 X100.713 Y94.396 E823.40489
G1 X102.768 Y93.174 E823.48837
G1 X104.901 Y91.93 E823.57460
G1 X107.197 Y90.689 E823.66575
G1 X109.729 Y89.579 E823.76232
G1 X112.494 Y88.899 E823.86174
G1 X115.312 Y89.069 E823.96035
G1 X117.87 Y90.264 E824.05895
G1 X119.976 Y92.179 E824.15837
G1 X121.673 Y94.363 E824.25494
G1 X123.099 Y96.549 E824.34610
G1 X124.381 Y98.659 E824.43232
G1 X125.604 Y100.713 E824.51581
G1 X126.826 Y102.768 E824.59929
G1 X128.07 Y104.901 E824.68552
G1 X129.311 Y107.197 E824.77667
G1 X130.421 Y109.729 E824.87324
G1 X131.101 Y112.494 E824.97267
G1 X130.931 Y115.312 E825.07127
G1 X129.736 Y117.87 E825.16987
G1 X127.821 Y119.976 E825.26929
G1 X125.637 Y121.673 E825.36586
G1 X123.451 Y123.099 E825.45702
G1 X121.341 Y124.381 E825.54324
G1 X119.287 Y125.604 E825.62673
G1 X119.057 Y125.218 F1800
G1 X117.053 Y126.409 E825.70814
G1 X114.973 Y127.622 E825.79223
G1 X112.734 Y128.832 E825.88113
G1 X110.264 Y129.915 E825.97531
G1 X107.568 Y130.578 E826.07226
G1 X104.819 Y130.413 E826.16842
G1 X102.325 Y129.247 E826.26458
G1 X100.271 Y127.379 E826.36154
G1 X98.617 Y125.249 E826.45572
G1 X97.226 Y123.118 E826.54461
G1 X95.976 Y121.06 E826.62870
G1 X94.782 Y119.057 E826.71012
G1 X93.591 Y117.053 E826.79153
G1 X92.378 Y114.973 E826.87562
G1 X91.168 Y112.734 E826.96452
G1 X90.085 Y110.264 E827.05870
G1 X89.422 Y107.568 E827.15566
G1 X89.587 Y104.819 E827.25181
G1 X90.753 Y102.325 E827.34797
G1 X92.621 Y100.271 E827.44493
G1 X94.751 Y98.617 E827.53911
G1 X96.882 Y97.226 E827.62800
G1 X98.94 Y95.976 E827.71209
G1 X100.943 Y94.782 E827.79351
G1 X102.947 Y93.591 E827.87492
G1 X105.027 Y92.378 E827.95901
G1 X107.266 Y91.168 E828.04791
G1 X109.736 Y90.085 E828.14209
G1 X112.432 Y89.422 E828.23905
G1 X115.181 Y89.587 E828.33520
G1 X117.675 Y90.753 E828.43136
G1 X119.729 Y92.621 E828.52832
G1 X121.383 Y94.751 E828.62250
G1 X122.774 Y96.882 E828.71139
G1 X124.024 Y98.94 E828.79548
G1 X125.218 Y100.943 E828.87690
G1 X126.409 Y102.947 E828.95831
G1 X127.622 Y105.027 E829.04240
G1 X128.832 Y107.266 E829.13130
G1 X129.915 Y109.736 E829.22548
G1 X130.578 Y112.432 E829.32244
G1 X130.413 Y115.181 E829.41860
G1 X129.247 Y117.675 E829.51475
G1 X127.379 Y119.729 E829.61171
G1 X125.249 Y121.383 E829.70589
G1 X123.118 Y122.774 E829.79479
G1 X121.06 Y124.024 E829.87888
G1 X119.057 Y125.218 E829.96029
G0 X85 Y100 F9000
G1 X105 Y120 E830.94807 F2400
G0 X88 Y120 F9000
G1 X108 Y100 E831.93584 F2400
G0 X91 Y100 F9000
G1 X111 Y120 E832.92362 F2400
G0 X94 Y120 F9000
G1 X114 Y100 E833.91139 F2400
G0 X97 Y100 F9000
G1 X117 Y120 E834.89917 F2400
G0 X100 Y120 F9000
G1 X120 Y100 E835.88694 F2400
G0 X103 Y100 F9000
G1 X123 Y120 E836.87472 F2400
G0 X106 Y120 F9000
G1 X126 Y100 E837.86250 F2400
G0 X109 Y100 F9000
G1 X129 Y120 E838.85027 F2400
G0 X112 Y120 F9000
G1 X132 Y100 E839.83805 F2400
G0 X115 Y100 F9000
G1 X135 Y120 E840.82582 F2400
G1 E840.02582 F2400
;LAYER_CHANGE
;Z:16
G1 Z16.4 F3000
G0 X119 Y125.588 F9000
G1 Z16 F3000
G1 E840.82582 F2400
G1 X119 Y125.588 F1800
G1 X116.947 Y126.772 E840.90858
G1 X114.817 Y127.977 E840.99405
G1 X112.525 Y129.177 E841.08440
G1 X110 Y130.244 E841.18013
G1 X107.251 Y130.881 E841.27868
G1 X104.46 Y130.676 E841.37642
G1 X101.94 Y129.458 E841.47416
G1 X99.878 Y127.532 E841.57271
G1 X98.225 Y125.345 E841.66843
G1 X96.84 Y123.16 E841.75879
G1 X95.597 Y121.051 E841.84426
G1 X94.412 Y119 E841.92701
G1 X93.228 Y116.947 E842.00977
G1 X92.023 Y114.817 E842.09524
G1 X90.823 Y112.525 E842.18559
G1 X89.756 Y110 E842.28132
G1 X89.119 Y107.251 E842.37987
G1 X89.324 Y104.46 E842.47761
G1 X90.542 Y101.94 E842.57535
G1 X92.468 Y99.878 E842.67390
G1 X94.655 Y98.225 E842.76963
G1 X96.84 Y96.84 E842.85998
G1 X98.949 Y95.597 E842.94545
G1 X101 Y94.412 E843.02821
G1 X103.053 Y93.228 E843.11096
G1 X105.183 Y92.023 E843.19643
G1 X107.475 Y90.823 E843.28679
G1 X110 Y89.756 E843.38251
G1 X112.749 Y89.119 E843.48106
G1 X115.54 Y89.324 E843.57880
G1 X118.06 Y90.542 E843.67654
G1 X120.122 Y92.468 E843.77509
G1 X121.775 Y94.655 E843.87082
G1 X123.16 Y96.84 E843.96117
G1 X124.403 Y98.949 E844.04665
G1 X125.588 Y101 E844.12940
G1 X126.772 Y103.053 E844.21215
G1 X127.977 Y105.183 E844.29762
G1 X129.177 Y107.475 E844.38798
G1 X130.244 Y110 E844.48371
G1 X130.881 Y112.749 E844.58226
G1 X130.676 Y115.54 E844.67999
G1 X129.458 Y118.06 E844.77773
G1 X127.532 Y120.122 E844.87628
G1 X125.345 Y121.775 E844.97201
G1 X123.16 Y123.16 E845.06237
G1 X121.051 Y124.403 E845.14784
G1 X119 Y125.588 E845.23059
G1 X118.775 Y125.199 F1800
G1 X116.774 Y126.353 E845.31127
G1 X114.696 Y127.527 E845.39461
G1 X112.462 Y128.697 E845.48271
G1 X110 Y129.738 E845.57604
G1 X107.32 Y130.359 E845.67213
G1 X104.598 Y130.159 E845.76742
G1 X102.142 Y128.972 E845.86272
G1 X100.131 Y127.094 E845.95880
G1 X98.52 Y124.962 E846.05214
G1 X97.169 Y122.831 E846.14023
G1 X95.958 Y120.775 E846.22357
G1 X94.801 Y118.775 E846.30425
G1 X93.647 Y116.774 E846.38494
G1 X92.473 Y114.696 E846.46827
G1 X91.303 Y112.462 E846.55637
G1 X90.262 Y110 E846.64970
G1 X89.641 Y107.32 E846.74579
G1 X89.841 Y104.598 E846.84108
G1 X91.028 Y102.142 E846.93638
G1 X92.906 Y100.131 E847.03246
G1 X95.038 Y98.52 E847.12580
G1 X97.169 Y97.169 E847.21390
G1 X99.225 Y95.958 E847.29723
G1 X101.225 Y94.801 E847.37791
G1 X103.226 Y93.647 E847.45860
G1 X105.304 Y92.473 E847.54193
G1 X107.538 Y91.303 E847.63003
G1 X110 Y90.262 E847.72336
G1 X112.68 Y89.641 E847.81945
G1 X115.402 Y89.841 E847.91475
G1 X117.858 Y91.028 E848.01004
G1 X119.869 Y92.906 E848.10613
G1 X121.48 Y95.038 E848.19946
G1 X122.831 Y97.169 E848.28756
G1 X124.042 Y99.225 E848.37089
G1 X125.199 Y101.225 E848.45158
G1 X126.353 Y103.226 E848.53226
G1 X127.527 Y105.304 E848.61560
G1 X128.697 Y107.538 E848.70369
G1 X129.738 Y110 E848.79703
G1 X130.359 Y112.68 E848.89311
G1 X130.159 Y115.402 E848.98841
G1 X128.972 Y117.858 E849.08370
G1 X127.094 Y119.869 E849.17979
G1 X124.962 Y121.48 E849.27312
G1 X122.831 Y122.831 E849.36122
G1 X120.775 Y124.042 E849.44455
G1 X118.775 Y125.199 E849.52524
G0 X100 Y85 F9000
G1 X120 Y105 E850.51301 F2400
G0 X120 Y88 F9000
G1 X100 Y108 E851.50079 F2400
G0 X100 Y91 F9000
G1 X120 Y111 E852.48857 F2400
G0 X120 Y94 F9000
G1 X100 Y114 E853.47634 F2400
G0 X100 Y97 F9000
G1 X120 Y117 E854.46412 F2400
G0 X120 Y100 F9000
G1 X100 Y120 E855.45189 F2400
G0 X100 Y103 F9000
G1 X120 Y123 E856.43967 F2400
G0 X120 Y106 F9000
G1 X100 Y126 E857.42744 F2400
G0 X100 Y109 F9000
G1 X120 Y129 E858.41522 F2400
G0 X120 Y112 F9000
G1 X100 Y132 E859.40299 F2400
G0 X100 Y115 F9000
G1 X120 Y135 E860.39077 F2400
G1 E859.59077 F2400
G1 Z26 F3000
M104 S0
M140 S0
M84
; filament used [mm] = 871.59
; filament used [g] = 2.60
; estimated printing time (normal mode) = 42m 18s
; filament_type = PLA
